,순위,선수명,팀명,타율,경기수,타석,타수,득점,안타,2루타,3루타,홈런,루타,타점,희생번트,희생플라이,선수ID,생년월일,신장,체중,입단계약금,연봉,지명순위,볼넷,고의사구,사구,삼진,병살타,장타율,출루율,실책,도루성공률,멀티히트,출루율add장타율,득점권타율,대타타율,사진URL
0,1,조수행,두산,1.000,4,1,1,1,1,0,0,0,1,0,0,0,66209,1993년 08월 30일,178cm,73kg,14000만원,4500만원,16 두산 2차 1라운드 5순위,0,0,0,0,0,1.000,1.000,0,-,0,2.000,0.000,0.000,//lgcxydabfbch3774324.cdn.ntruss.com/KBO_IMAGE/person/middle/2020/66209.jpg
1,2,페르난데스,두산,0.364,98,456,401,74,146,23,0,16,217,78,0,7,69209,1988년 04월 27일,178cm,83kg,50000달러,400000달러,19 두산 자유선발,39,1,9,31,17,0.541,0.425,1,0.0,46,0.966,0.342,0.000,//lgcxydabfbch3774324.cdn.ntruss.com/KBO_IMAGE/person/middle/2020/69209.jpg
2,3,허경민,두산,0.354,72,298,271,40,96,12,1,6,128,36,1,4,79240,1990년 08월 26일,176cm,69kg,13000만원,48000만원,09 두산 2차 1라운드 7순위,19,1,3,18,7,0.472,0.397,8,71.4,32,0.869,0.439,0.000,//lgcxydabfbch3774324.cdn.ntruss.com/KBO_IMAGE/person/middle/2020/79240.jpg
3,4,오재일,두산,0.335,81,345,313,44,105,21,0,13,165,60,0,1,75334,1986년 10월 29일,187cm,95kg,8000만원,47000만원,05 현대 2차 3라운드 24순위,31,0,0,61,6,0.527,0.394,2,-,30,0.921,0.383,0.000,//lgcxydabfbch3774324.cdn.ntruss.com/KBO_IMAGE/person/middle/2020/75334.jpg
4,5,신성현,두산,0.333,6,4,3,1,1,1,0,0,2,0,0,0,64086,1990년 10월 19일,183cm,92kg,,4800만원,15 한화 육성선수,1,0,0,2,0,0.667,0.500,0,-,0,1.167,0.000,0.500,//lgcxydabfbch3774324.cdn.ntruss.com/KBO_IMAGE/person/middle/2020/64086.jpg
5,6,정수빈,두산,0.311,95,372,334,56,104,11,6,3,136,42,6,1,79231,1990년 10월 07일,175cm,70kg,6000만원,34000만원,09 두산 2차 5라운드 39순위,29,2,2,38,8,0.407,0.369,1,62.5,31,0.776,0.297,1.000,//lgcxydabfbch3774324.cdn.ntruss.com/KBO_IMAGE/person/middle/2020/79231.jpg
6,7,박건우,두산,0.308,91,396,351,78,108,30,0,12,174,50,0,5,79215,1990년 09월 08일,184cm,80kg,10000만원,45000만원,09 두산 2차 2라운드 10순위,30,2,10,45,5,0.496,0.374,2,75.0,31,0.870,0.265,0.000,//lgcxydabfbch3774324.cdn.ntruss.com/KBO_IMAGE/person/middle/2020/79215.jpg
7,8,김재호,두산,0.298,77,306,265,36,79,11,1,2,98,27,1,5,74206,1985년 03월 21일,181cm,75kg,20000만원,65000만원,04 두산 1차,33,1,2,31,12,0.370,0.374,9,66.7,20,0.744,0.284,0.000,//lgcxydabfbch3774324.cdn.ntruss.com/KBO_IMAGE/person/middle/2020/74206.jpg
8,9,최주환,두산,0.295,96,394,353,46,104,21,2,11,162,61,1,5,76267,1988년 02월 28일,178cm,73kg,6000만원,27000만원,06 두산 2차 6라운드 46순위,31,3,4,46,7,0.459,0.354,8,50.0,26,0.813,0.317,1.000,//lgcxydabfbch3774324.cdn.ntruss.com/KBO_IMAGE/person/middle/2020/76267.jpg
9,10,이유찬,두산,0.281,67,79,64,22,18,1,1,0,21,5,2,1,67207,1998년 08월 05일,175cm,68kg,6000만원,3200만원,17 두산 2차 5라운드 50순위,11,0,1,18,2,0.328,0.390,5,91.7,2,0.718,0.273,1.000,//lgcxydabfbch3774324.cdn.ntruss.com/KBO_IMAGE/person/middle/2020/67207.jpg
10,11,김재환,두산,0.280,94,413,347,57,97,15,0,19,169,78,0,4,78224,1988년 09월 22일,183cm,90kg,15000만원,65000만원,08 두산 2차 1라운드 4순위,62,2,0,105,9,0.487,0.385,0,100.0,25,0.872,0.296,1.000,//lgcxydabfbch3774324.cdn.ntruss.com/KBO_IMAGE/person/middle/2020/78224.jpg
11,12,박세혁,두산,0.263,79,261,228,34,60,9,1,4,83,34,1,4,62244,1990년 01월 09일,181cm,86kg,6000만원,23200만원,12 두산 5라운드 47순위,20,0,8,26,6,0.364,0.338,4,40.0,11,0.702,0.306,0.091,//lgcxydabfbch3774324.cdn.ntruss.com/KBO_IMAGE/person/middle/2020/62244.jpg
12,12,최용제,두산,0.263,19,40,38,7,10,0,1,0,12,7,1,0,64213,1991년 07월 12일,182cm,90kg,,2800만원,14 두산 육성선수,1,0,0,7,2,0.316,0.282,2,-,1,0.598,0.333,0.000,//lgcxydabfbch3774324.cdn.ntruss.com/KBO_IMAGE/person/middle/2020/64213.jpg
13,14,국해성,두산,0.253,40,87,79,10,20,1,0,3,30,17,0,1,79290,1989년 10월 08일,180cm,94kg,,4500만원,08 두산 육성선수,6,2,1,19,2,0.380,0.310,1,50.0,3,0.690,0.320,0.357,//lgcxydabfbch3774324.cdn.ntruss.com/KBO_IMAGE/person/middle/2020/79290.jpg
14,15,오재원,두산,0.237,65,146,131,24,31,5,1,5,53,26,1,2,77248,1985년 02월 09일,185cm,75kg,,30000만원,03 두산 2차 9라운드 72순위,12,0,0,40,3,0.405,0.297,4,69.2,7,0.702,0.243,0.250,//lgcxydabfbch3774324.cdn.ntruss.com/KBO_IMAGE/person/middle/2020/77248.jpg
15,16,권민석,두산,0.233,37,50,43,3,10,0,0,0,10,2,2,2,68204,1999년 02월 20일,184cm,74kg,3000만원,2700만원,18 두산 2차 10라운드 100순위,3,0,0,12,0,0.233,0.271,1,100.0,2,0.504,0.222,0.000,//lgcxydabfbch3774324.cdn.ntruss.com/KBO_IMAGE/person/middle/2020/68204.jpg
16,17,장승현,두산,0.222,9,9,9,1,2,0,0,0,2,0,0,0,63202,1994년 03월 07일,184cm,86kg,7000만원,3500만원,13 두산 4라운드 36순위,0,0,0,2,1,0.222,0.222,0,-,0,0.444,0.000,0.000,//lgcxydabfbch3774324.cdn.ntruss.com/KBO_IMAGE/person/middle/2020/63202.jpg
17,18,안권수,두산,0.214,46,30,28,8,6,0,0,0,6,3,0,1,50202,1993년 04월 19일,175cm,80kg,3000만원,2700만원,20 두산 2차 10라운드 99순위,1,0,0,4,1,0.214,0.233,0,100.0,1,0.447,0.091,0.000,//lgcxydabfbch3774324.cdn.ntruss.com/KBO_IMAGE/person/middle/2020/50202.jpg
18,19,양찬열,두산,0.200,8,19,15,1,3,0,0,0,3,2,0,0,50293,1997년 05월 25일,179cm,84kg,4000만원,2700만원,20 두산 2차 8라운드 79순위,3,0,1,2,0,0.200,0.368,0,-,1,0.568,0.375,0.000,//lgcxydabfbch3774324.cdn.ntruss.com/KBO_IMAGE/person/middle/2020/50293.jpg
19,20,김인태,두산,0.190,53,83,63,12,12,5,0,1,20,8,2,1,63257,1994년 07월 03일,178cm,78kg,20000만원,5000만원,13 두산 1라운드 4순위,15,0,2,9,3,0.317,0.358,0,-,1,0.675,0.136,0.211,//lgcxydabfbch3774324.cdn.ntruss.com/KBO_IMAGE/person/middle/2020/63257.jpg
20,21,백동훈,두산,0.188,25,19,16,5,3,1,0,0,4,0,0,0,63559,1990년 09월 16일,184cm,98kg,6000만원,3600만원,13 롯데 5라운드 45순위,1,0,2,4,0,0.250,0.316,1,-,0,0.566,0.000,0.000,//lgcxydabfbch3774324.cdn.ntruss.com/KBO_IMAGE/person/middle/2020/63559.jpg
21,21,서예일,두산,0.188,20,19,16,2,3,1,0,0,4,1,0,1,66203,1993년 06월 19일,178cm,83kg,6000만원,3200만원,16 두산 2차 6라운드 56순위,2,0,0,3,0,0.250,0.263,2,-,0,0.513,0.000,0.000,//lgcxydabfbch3774324.cdn.ntruss.com/KBO_IMAGE/person/middle/2020/66203.jpg
22,23,정상호,두산,0.165,40,91,85,3,14,6,0,0,20,8,3,1,71842,1982년 12월 24일,187cm,100kg,45000만원,7000만원,01 SK 1차,2,0,0,28,4,0.235,0.182,2,-,4,0.417,0.154,0.500,//lgcxydabfbch3774324.cdn.ntruss.com/KBO_IMAGE/person/middle/2020/71842.jpg
23,24,박지훈,두산,0.000,10,2,2,1,0,0,0,0,0,0,0,0,50204,2000년 09월 07일,183cm,80kg,6000만원,2700만원,20 두산 2차 5라운드 49순위,0,0,0,2,0,0.000,0.000,0,-,0,0.000,0.000,0.000,//lgcxydabfbch3774324.cdn.ntruss.com/KBO_IMAGE/person/middle/2020/50204.jpg
24,24,오명진,두산,0.000,5,4,4,0,0,0,0,0,0,0,0,0,50208,2001년 09월 04일,179cm,79kg,5000만원,2700만원,20 두산 2차 6라운드 59순위,0,0,0,1,0,0.000,0.000,0,-,0,0.000,0.000,0.000,//lgcxydabfbch3774324.cdn.ntruss.com/KBO_IMAGE/person/middle/2020/50208.jpg
25,1,신용수,롯데,0.429,5,8,7,2,3,0,0,0,3,2,0,0,69508,1996년 01월 05일,178cm,78kg,3000만원,2900만원,19 롯데 2차 10라운드 98순위,1,0,0,0,0,0.429,0.500,0,50.0,0,0.929,0.500,0.000,//lgcxydabfbch3774324.cdn.ntruss.com/KBO_IMAGE/person/middle/2020/69508.jpg
26,2,손아섭,롯데,0.353,92,403,351,69,124,29,0,7,174,59,1,6,77532,1988년 03월 18일,174cm,84kg,8000만원,200000만원,07 롯데 2차 4라운드 29순위,44,2,1,39,5,0.496,0.420,1,100.0,38,0.916,0.352,0.667,//lgcxydabfbch3774324.cdn.ntruss.com/KBO_IMAGE/person/middle/2020/77532.jpg
27,3,김민수,롯데,0.333,2,7,6,1,2,0,0,0,2,0,0,0,67504,1998년 03월 18일,182cm,96kg,11000만원,3000만원,17 롯데 2차 2라운드 13순위,1,0,0,2,0,0.333,0.429,0,100.0,1,0.762,0.500,0.000,//lgcxydabfbch3774324.cdn.ntruss.com/KBO_IMAGE/person/middle/2020/67504.jpg
28,4,정훈,롯데,0.311,65,298,257,52,80,14,1,8,120,42,1,2,60523,1987년 07월 18일,180cm,85kg,,6400만원,06 현대 육성선수,35,0,3,56,3,0.467,0.397,2,87.5,26,0.864,0.397,0.000,//lgcxydabfbch3774324.cdn.ntruss.com/KBO_IMAGE/person/middle/2020/60523.jpg
29,5,마차도,롯데,0.303,93,374,330,50,100,23,1,9,152,51,1,5,50506,1992년 02월 22일,185cm,91kg,200000달러,300000달러,20 롯데 자유선발,32,0,6,40,11,0.461,0.370,4,100.0,25,0.831,0.321,0.000,//lgcxydabfbch3774324.cdn.ntruss.com/KBO_IMAGE/person/middle/2020/50506.jpg
30,6,전준우,롯데,0.291,92,413,375,63,109,23,1,16,182,61,2,1,78513,1986년 02월 25일,184cm,97kg,10000만원,50000만원,08 롯데 2차 2라운드 15순위,29,0,6,50,13,0.485,0.350,3,57.1,34,0.835,0.264,0.000,//lgcxydabfbch3774324.cdn.ntruss.com/KBO_IMAGE/person/middle/2020/78513.jpg
31,7,오윤석,롯데,0.288,25,69,59,8,17,3,0,0,20,9,0,0,64504,1992년 02월 24일,180cm,87kg,,4000만원,14 롯데 육성선수,8,0,2,16,1,0.339,0.391,1,50.0,4,0.730,0.444,0.500,//lgcxydabfbch3774324.cdn.ntruss.com/KBO_IMAGE/person/middle/2020/64504.jpg
32,8,이대호,롯데,0.286,93,396,353,42,101,19,0,14,162,69,0,6,71564,1982년 06월 21일,194cm,130kg,21000만원,250000만원,01 롯데 2차 1라운드 4순위,35,8,2,45,15,0.459,0.348,0,-,24,0.807,0.299,0.667,//lgcxydabfbch3774324.cdn.ntruss.com/KBO_IMAGE/person/middle/2020/71564.jpg
33,9,안치홍,롯데,0.270,87,356,319,36,86,22,0,4,120,35,3,2,79608,1990년 07월 02일,178cm,97kg,18000만원,29000만원,09 KIA 2차 1라운드 1순위,27,2,5,39,8,0.376,0.334,10,82.4,20,0.710,0.260,0.750,//lgcxydabfbch3774324.cdn.ntruss.com/KBO_IMAGE/person/middle/2020/79608.jpg
34,10,한동희,롯데,0.267,84,326,285,34,76,12,0,11,121,43,4,3,68525,1999년 06월 01일,181cm,99kg,18000만원,4700만원,18 롯데 1차,31,0,3,65,8,0.425,0.342,7,0.0,18,0.767,0.186,0.500,//lgcxydabfbch3774324.cdn.ntruss.com/KBO_IMAGE/person/middle/2020/68525.jpg
35,11,김재유,롯데,0.250,36,66,56,10,14,1,0,0,15,5,1,0,65506,1992년 08월 07일,181cm,77kg,,2900만원,15 롯데 육성선수,7,0,2,20,1,0.268,0.354,1,85.7,2,0.622,0.211,0.400,//lgcxydabfbch3774324.cdn.ntruss.com/KBO_IMAGE/person/middle/2020/65506.jpg
36,11,지성준,롯데,0.250,3,11,8,0,2,0,0,0,2,2,0,0,64717,1994년 04월 10일,180cm,92kg,,5700만원,14 한화 육성선수,3,0,0,4,0,0.250,0.455,0,-,0,0.705,0.500,0.000,//lgcxydabfbch3774324.cdn.ntruss.com/KBO_IMAGE/person/middle/2020/64717.jpg
37,13,민병헌,롯데,0.231,80,301,273,35,63,12,0,2,81,19,4,2,76249,1987년 03월 10일,178cm,87kg,12000만원,125000만원,06 두산 2차 2라운드 14순위,17,1,5,54,8,0.297,0.286,0,62.5,14,0.583,0.154,0.000,//lgcxydabfbch3774324.cdn.ntruss.com/KBO_IMAGE/person/middle/2020/76249.jpg
38,14,김준태,롯데,0.227,79,212,176,21,40,5,1,3,56,23,2,1,62558,1994년 07월 31일,175cm,91kg,,3800만원,12 롯데 육성선수,33,0,0,40,2,0.318,0.348,5,33.3,11,0.666,0.261,0.125,//lgcxydabfbch3774324.cdn.ntruss.com/KBO_IMAGE/person/middle/2020/62558.jpg
39,15,신본기,롯데,0.218,52,89,78,12,17,0,0,2,23,9,1,1,62556,1989년 03월 21일,179cm,88kg,12000만원,12500만원,12 롯데 2라운드 14순위,8,0,1,16,1,0.295,0.295,2,100.0,3,0.590,0.389,0.143,//lgcxydabfbch3774324.cdn.ntruss.com/KBO_IMAGE/person/middle/2020/62556.jpg
40,16,허일,롯데,0.217,41,69,60,4,13,3,0,1,19,5,2,0,61566,1992년 11월 20일,177cm,88kg,11000만원,4100만원,11 롯데 2라운드 12순위,6,0,1,19,4,0.317,0.299,0,-,0,0.616,0.267,0.077,//lgcxydabfbch3774324.cdn.ntruss.com/KBO_IMAGE/person/middle/2020/61566.jpg
41,17,김동한,롯데,0.200,54,53,50,14,10,2,0,0,12,4,0,0,61204,1988년 06월 24일,174cm,74kg,4000만원,4500만원,11 두산 8라운드 59순위,3,0,0,5,2,0.240,0.245,3,80.0,1,0.485,0.111,0.000,//lgcxydabfbch3774324.cdn.ntruss.com/KBO_IMAGE/person/middle/2020/61204.jpg
42,18,강로한,롯데,0.190,16,26,21,6,4,0,0,0,4,1,0,0,65515,1992년 05월 13일,181cm,78kg,4000만원,5300만원,15 롯데 2차 7라운드 68순위,4,0,1,6,0,0.190,0.346,1,66.7,0,0.536,0.111,0.000,//lgcxydabfbch3774324.cdn.ntruss.com/KBO_IMAGE/person/middle/2020/65515.jpg
43,19,정보근,롯데,0.130,64,124,108,7,14,1,0,0,15,3,6,1,68518,1999년 08월 31일,175cm,88kg,3000만원,2900만원,18 롯데 2차 9라운드 83순위,8,0,1,26,6,0.139,0.195,2,-,2,0.334,0.115,0.000,//lgcxydabfbch3774324.cdn.ntruss.com/KBO_IMAGE/person/middle/2020/68518.jpg
44,20,추재현,롯데,0.125,13,28,24,3,3,0,0,0,3,0,0,0,68362,1999년 02월 22일,179cm,89kg,8000만원,2700만원,18 넥센 2차 3라운드 28순위,4,0,0,8,0,0.125,0.250,0,-,0,0.375,0.000,0.200,//lgcxydabfbch3774324.cdn.ntruss.com/KBO_IMAGE/person/middle/2020/68362.jpg
45,21,김호준,롯데,0.000,5,4,3,0,0,0,0,0,0,0,0,0,65522,1995년 02월 27일,177cm,81kg,,2700만원,15 롯데 육성선수,1,0,0,2,0,0.000,0.250,0,-,0,0.250,0.000,0.000,//lgcxydabfbch3774324.cdn.ntruss.com/KBO_IMAGE/person/middle/2020/65522.jpg
46,21,배성근,롯데,0.000,1,3,3,0,0,0,0,0,0,0,0,0,64501,1995년 04월 27일,181cm,76kg,7000만원,3200만원,14 롯데 2차 4라운드 40순위,0,0,0,1,0,0.000,0.000,0,-,0,0.000,0.000,0.000,//lgcxydabfbch3774324.cdn.ntruss.com/KBO_IMAGE/person/middle/2020/64501.jpg
47,21,이병규,롯데,0.000,2,5,5,0,0,0,0,0,0,0,0,0,76100,1983년 10월 09일,178cm,90kg,,5000만원,06 LG 육성선수,0,0,0,2,1,0.000,0.000,0,-,0,0.000,0.000,0.000,//lgcxydabfbch3774324.cdn.ntruss.com/KBO_IMAGE/person/middle/2020/76100.jpg
48,1,김상수,삼성,0.319,78,330,279,50,89,17,2,3,119,30,1,2,79402,1990년 03월 23일,175cm,68kg,28000만원,25000만원,09 삼성 1차,40,1,8,38,11,0.427,0.416,6,72.7,22,0.843,0.368,0.000,//lgcxydabfbch3774324.cdn.ntruss.com/KBO_IMAGE/person/middle/2020/79402.jpg
49,2,구자욱,삼성,0.314,74,320,280,40,88,16,0,8,128,45,0,3,62404,1993년 02월 12일,189cm,75kg,13000만원,28000만원,12 삼성 2라운드 12순위,32,2,5,61,1,0.457,0.391,1,76.5,27,0.848,0.309,0.000,//lgcxydabfbch3774324.cdn.ntruss.com/KBO_IMAGE/person/middle/2020/62404.jpg
50,3,박해민,삼성,0.314,86,336,312,51,98,14,3,7,139,36,5,0,62415,1990년 02월 24일,180cm,75kg,,30000만원,12 삼성 육성선수,18,0,1,50,5,0.446,0.353,0,69.2,32,0.799,0.328,0.750,//lgcxydabfbch3774324.cdn.ntruss.com/KBO_IMAGE/person/middle/2020/62415.jpg
51,4,이성곤,삼성,0.301,52,136,123,15,37,6,0,5,58,17,2,2,64266,1992년 03월 25일,186cm,93kg,10000만원,3500만원,14 두산 2차 3라운드 32순위,9,0,0,32,2,0.472,0.343,1,100.0,9,0.815,0.200,0.267,//lgcxydabfbch3774324.cdn.ntruss.com/KBO_IMAGE/person/middle/2020/64266.jpg
52,5,강민호,삼성,0.287,80,256,230,34,66,11,0,14,119,39,0,2,74540,1985년 08월 18일,185cm,100kg,9000만원,125000만원,04 롯데 2차 3라운드 17순위,22,2,2,43,11,0.517,0.352,5,-,15,0.869,0.339,0.000,//lgcxydabfbch3774324.cdn.ntruss.com/KBO_IMAGE/person/middle/2020/74540.jpg
53,6,김동엽,삼성,0.285,68,259,242,31,69,13,0,10,112,36,1,2,66838,1990년 07월 24일,186cm,101kg,,13500만원,16 SK 2차 9라운드 86순위,13,0,1,54,9,0.463,0.322,1,75.0,17,0.785,0.268,0.429,//lgcxydabfbch3774324.cdn.ntruss.com/KBO_IMAGE/person/middle/2020/66838.jpg
54,7,살라디노,삼성,0.280,44,163,132,26,37,8,0,6,63,27,0,1,50468,1989년 07월 20일,183cm,90kg,100000달러,700000달러,20 삼성 자유선발,23,0,7,41,3,0.477,0.411,5,85.7,12,0.888,0.394,0.000,//lgcxydabfbch3774324.cdn.ntruss.com/KBO_IMAGE/person/middle/2020/50468.jpg
55,8,김호재,삼성,0.279,24,49,43,4,12,2,0,0,14,4,0,0,64407,1995년 05월 31일,178cm,72kg,,4000만원,14 삼성 육성선수,3,0,3,7,0,0.326,0.367,3,-,4,0.693,0.200,0.250,//lgcxydabfbch3774324.cdn.ntruss.com/KBO_IMAGE/person/middle/2020/64407.jpg
56,9,최영진,삼성,0.272,47,93,81,12,22,1,0,1,26,11,0,1,61197,1988년 05월 10일,185cm,87kg,,8000만원,11 LG 육성선수,10,0,1,13,2,0.321,0.355,2,33.3,5,0.676,0.208,0.300,//lgcxydabfbch3774324.cdn.ntruss.com/KBO_IMAGE/person/middle/2020/61197.jpg
57,10,이원석,삼성,0.268,82,315,269,34,72,12,0,8,108,57,1,9,75566,1986년 10월 21일,182cm,82kg,13000만원,30000만원,05 롯데 2차 2라운드 9순위,35,0,1,48,5,0.401,0.344,7,0.0,19,0.745,0.354,0.000,//lgcxydabfbch3774324.cdn.ntruss.com/KBO_IMAGE/person/middle/2020/75566.jpg
58,11,김지찬,삼성,0.263,89,213,190,37,50,5,1,1,60,11,4,2,50458,2001년 03월 08일,163cm,64kg,11000만원,2700만원,20 삼성 2차 2라운드 15순위,15,0,2,25,1,0.316,0.321,8,89.5,7,0.637,0.209,0.429,//lgcxydabfbch3774324.cdn.ntruss.com/KBO_IMAGE/person/middle/2020/50458.jpg
59,12,박승규,삼성,0.262,75,181,168,21,44,11,0,1,58,13,4,0,69418,2000년 09월 02일,178cm,78kg,3000만원,3200만원,19 삼성 2차 9라운드 82순위,7,0,2,28,4,0.345,0.299,0,44.4,9,0.644,0.211,0.286,//lgcxydabfbch3774324.cdn.ntruss.com/KBO_IMAGE/person/middle/2020/69418.jpg
60,13,김헌곤,삼성,0.256,57,196,176,15,45,8,0,3,62,25,1,1,61404,1988년 11월 09일,174cm,81kg,7000만원,19000만원,11 삼성 5라운드 36순위,15,0,3,21,6,0.352,0.323,0,44.4,11,0.675,0.327,0.250,//lgcxydabfbch3774324.cdn.ntruss.com/KBO_IMAGE/person/middle/2020/61404.jpg
61,14,김성표,삼성,0.250,4,4,4,0,1,0,0,0,1,0,0,0,63435,1994년 03월 17일,179cm,65kg,6000만원,2800만원,13 삼성 6라운드 50순위,0,0,0,1,0,0.250,0.250,0,100.0,0,0.500,0.000,0.000,//lgcxydabfbch3774324.cdn.ntruss.com/KBO_IMAGE/person/middle/2020/63435.jpg
62,15,이학주,삼성,0.228,64,243,206,30,47,11,0,4,70,28,4,5,69453,1990년 11월 04일,187cm,87kg,,9000만원,19 삼성 2차 1라운드 2순위,26,1,2,58,3,0.340,0.314,4,75.0,10,0.654,0.234,0.000,//lgcxydabfbch3774324.cdn.ntruss.com/KBO_IMAGE/person/middle/2020/69453.jpg
63,16,박계범,삼성,0.222,47,116,108,15,24,5,0,2,35,10,2,0,64468,1996년 01월 11일,178cm,72kg,11000만원,5500만원,14 삼성 2차 2라운드 17순위,6,0,0,24,3,0.324,0.263,6,33.3,7,0.587,0.290,0.800,//lgcxydabfbch3774324.cdn.ntruss.com/KBO_IMAGE/person/middle/2020/64468.jpg
64,17,박찬도,삼성,0.219,51,116,96,20,21,5,0,1,29,8,2,2,62409,1989년 02월 22일,185cm,75kg,,5000만원,12 삼성 육성선수,15,1,1,22,2,0.302,0.325,0,83.3,3,0.627,0.300,0.000,//lgcxydabfbch3774324.cdn.ntruss.com/KBO_IMAGE/person/middle/2020/62409.jpg
65,18,김응민,삼성,0.213,35,67,61,4,13,1,0,0,14,5,1,0,60288,1991년 10월 22일,178cm,90kg,,3200만원,10 두산 육성선수,4,0,1,18,1,0.230,0.273,2,-,2,0.503,0.158,1.000,//lgcxydabfbch3774324.cdn.ntruss.com/KBO_IMAGE/person/middle/2020/60288.jpg
66,19,송준석,삼성,0.207,15,32,29,4,6,4,0,0,10,5,0,0,64469,1994년 05월 04일,176cm,78kg,9000만원,4000만원,13 삼성 4라운드 32순위,2,0,1,4,2,0.345,0.281,0,-,2,0.626,0.333,0.000,//lgcxydabfbch3774324.cdn.ntruss.com/KBO_IMAGE/person/middle/2020/64469.jpg
67,20,김도환,삼성,0.200,12,20,15,0,3,2,0,0,5,5,1,2,69442,2000년 04월 14일,178cm,90kg,11000만원,5000만원,19 삼성 2차 2라운드 12순위,2,0,0,5,0,0.333,0.263,1,-,0,0.596,0.333,0.000,//lgcxydabfbch3774324.cdn.ntruss.com/KBO_IMAGE/person/middle/2020/69442.jpg
68,21,이성규,삼성,0.194,65,174,155,20,30,7,1,9,66,28,2,2,66409,1993년 08월 03일,178cm,82kg,8000만원,4300만원,16 삼성 2차 4라운드 31순위,11,0,4,45,4,0.426,0.262,3,66.7,5,0.688,0.200,0.200,//lgcxydabfbch3774324.cdn.ntruss.com/KBO_IMAGE/person/middle/2020/66409.jpg
69,22,김민수,삼성,0.174,17,26,23,3,4,0,0,0,4,1,1,0,64793,1991년 03월 02일,177cm,80kg,11000만원,4300만원,14 한화 2차 2라운드 24순위,2,0,0,6,0,0.174,0.240,0,-,0,0.414,0.143,0.000,//lgcxydabfbch3774324.cdn.ntruss.com/KBO_IMAGE/person/middle/2020/64793.jpg
70,23,팔카,삼성,0.172,8,34,29,2,5,0,0,1,8,2,0,1,50469,1991년 10월 28일,188cm,104kg,20000달러,100000달러,20 삼성 자유선발,4,0,0,8,1,0.276,0.265,0,-,1,0.541,0.000,0.000,//lgcxydabfbch3774324.cdn.ntruss.com/KBO_IMAGE/person/middle/2020/50469.jpg
71,24,김재현,삼성,0.100,25,12,10,2,1,0,0,0,1,3,1,0,64499,1991년 08월 30일,176cm,73kg,6000만원,5500만원,14 삼성 2차 5라운드 54순위,1,0,0,2,1,0.100,0.182,1,-,0,0.282,0.167,0.500,//lgcxydabfbch3774324.cdn.ntruss.com/KBO_IMAGE/person/middle/2020/64499.jpg
72,25,라이블리,삼성,0.000,1,1,1,0,0,0,0,0,0,0,0,0,69439,1992년 03월 05일,193cm,86kg,,500000달러,19 삼성 자유선발,0,0,0,0,0,0.000,0.000,0,-,0,0.000,0.000,0.000,//lgcxydabfbch3774324.cdn.ntruss.com/KBO_IMAGE/person/middle/2020/69439.jpg
73,25,백승민,삼성,0.000,7,12,9,0,0,0,0,0,0,1,0,0,64410,1990년 07월 09일,184cm,78kg,3000만원,4500만원,14 삼성 2차 10라운드 97순위,1,0,2,2,0,0.000,0.250,0,-,0,0.250,0.000,0.000,//lgcxydabfbch3774324.cdn.ntruss.com/KBO_IMAGE/person/middle/2020/64410.jpg
74,25,양우현,삼성,0.000,3,10,9,0,0,0,0,0,0,0,0,0,69403,2000년 04월 13일,175cm,82kg,8000만원,2700만원,19 삼성 2차 3라운드 22순위,1,0,0,2,1,0.000,0.100,1,-,0,0.100,0.000,0.000,//lgcxydabfbch3774324.cdn.ntruss.com/KBO_IMAGE/person/middle/2020/69403.jpg
75,1,임지열,키움,1.000,1,1,1,1,1,0,0,0,1,0,0,0,64340,1995년 08월 22일,180cm,90kg,11000만원,2700만원,14 넥센 2차 2라운드 22순위,0,0,0,0,0,1.000,1.000,0,-,0,2.000,0.000,1.000,//lgcxydabfbch3774324.cdn.ntruss.com/KBO_IMAGE/person/middle/2020/64340.jpg
76,2,이정후,키움,0.343,100,442,391,65,134,36,4,15,223,79,2,7,67341,1998년 08월 20일,185cm,78kg,20000만원,39000만원,17 넥센 1차,38,4,4,30,12,0.570,0.400,2,90.0,38,0.970,0.368,1.000,//lgcxydabfbch3774324.cdn.ntruss.com/KBO_IMAGE/person/middle/2020/67341.jpg
77,3,변상권,키움,0.323,13,32,31,4,10,4,0,0,14,7,0,0,68305,1997년 04월 04일,180cm,80kg,,2700만원,18 넥센 육성선수,1,0,0,8,1,0.452,0.344,0,-,2,0.796,0.357,0.500,//lgcxydabfbch3774324.cdn.ntruss.com/KBO_IMAGE/person/middle/2020/68305.jpg
78,4,이지영,키움,0.317,75,219,199,18,63,8,2,0,75,28,3,1,79456,1986년 02월 27일,178cm,85kg,,30000만원,08 삼성 육성선수,13,1,3,24,6,0.377,0.366,4,50.0,15,0.743,0.339,0.273,//lgcxydabfbch3774324.cdn.ntruss.com/KBO_IMAGE/person/middle/2020/79456.jpg
79,5,김하성,키움,0.302,99,453,381,86,115,15,1,22,198,82,3,3,64300,1995년 10월 17일,179cm,78kg,10000만원,55000만원,14 넥센 2차 3라운드 29순위,59,2,7,45,11,0.520,0.402,11,100.0,31,0.922,0.327,0.000,//lgcxydabfbch3774324.cdn.ntruss.com/KBO_IMAGE/person/middle/2020/64300.jpg
80,6,러셀,키움,0.289,30,128,114,13,33,7,0,1,43,16,0,1,50350,1994년 01월 23일,183cm,88kg,,539996달러,20 키움 자유선발,12,1,1,15,5,0.377,0.359,5,-,10,0.736,0.333,0.000,//lgcxydabfbch3774324.cdn.ntruss.com/KBO_IMAGE/person/middle/2020/50350.jpg
81,7,박주홍,키움,0.286,10,21,21,0,6,2,0,0,8,1,0,0,50357,2001년 04월 16일,188cm,92kg,20000만원,2700만원,20 키움 1차,0,0,0,9,0,0.381,0.286,1,0.0,2,0.667,0.000,0.000,//lgcxydabfbch3774324.cdn.ntruss.com/KBO_IMAGE/person/middle/2020/50357.jpg
82,8,김혜성,키움,0.285,100,378,340,56,97,16,4,7,142,47,0,4,67304,1999년 01월 27일,179cm,78kg,13000만원,10000만원,17 넥센 2차 1라운드 7순위,33,0,1,66,3,0.418,0.347,7,80.8,23,0.765,0.375,0.250,//lgcxydabfbch3774324.cdn.ntruss.com/KBO_IMAGE/person/middle/2020/67304.jpg
83,9,서건창,키움,0.275,95,415,338,58,93,15,5,5,133,34,3,7,78168,1989년 08월 22일,176cm,84kg,,35000만원,08 LG 육성선수,64,0,3,38,7,0.393,0.388,3,71.4,25,0.781,0.284,1.000,//lgcxydabfbch3774324.cdn.ntruss.com/KBO_IMAGE/person/middle/2020/78168.jpg
84,10,임병욱,키움,0.270,12,41,37,3,10,4,0,0,14,6,0,0,64346,1995년 09월 30일,185cm,84kg,20000만원,8800만원,14 넥센 1차,4,1,0,10,1,0.378,0.341,1,100.0,1,0.719,0.500,0.000,//lgcxydabfbch3774324.cdn.ntruss.com/KBO_IMAGE/person/middle/2020/64346.jpg
85,11,박동원,키움,0.270,81,287,252,37,68,17,0,12,121,46,1,2,79365,1990년 04월 07일,179cm,92kg,6000만원,22500만원,09 히어로즈 2차 3라운드 19순위,27,0,5,50,7,0.480,0.350,5,-,15,0.830,0.277,0.500,//lgcxydabfbch3774324.cdn.ntruss.com/KBO_IMAGE/person/middle/2020/79365.jpg
86,12,김웅빈,키움,0.266,38,121,109,14,29,7,0,4,48,18,4,3,65898,1996년 02월 09일,181cm,84kg,8000만원,3700만원,15 SK 2차 3라운드 27순위,5,1,0,33,2,0.440,0.291,3,-,7,0.731,0.237,0.143,//lgcxydabfbch3774324.cdn.ntruss.com/KBO_IMAGE/person/middle/2020/65898.jpg
87,13,허정협,키움,0.257,73,232,206,27,53,6,0,6,77,24,1,0,65399,1990년 02월 17일,184cm,92kg,,3500만원,15 넥센 육성선수,23,0,2,42,6,0.374,0.338,2,-,14,0.712,0.255,0.333,//lgcxydabfbch3774324.cdn.ntruss.com/KBO_IMAGE/person/middle/2020/65399.jpg
88,14,전병우,키움,0.252,80,272,246,31,62,11,3,5,94,34,2,1,65586,1992년 10월 24일,182cm,90kg,9000만원,2900만원,15 롯데 2차 3라운드 28순위,21,0,2,64,4,0.382,0.315,5,100.0,12,0.697,0.284,0.250,//lgcxydabfbch3774324.cdn.ntruss.com/KBO_IMAGE/person/middle/2020/65586.jpg
89,15,김수환,키움,0.250,5,9,8,1,2,1,0,0,3,2,0,0,68346,1998년 03월 20일,180cm,100kg,6000만원,2700만원,18 넥센 2차 5라운드 48순위,1,0,0,3,1,0.375,0.333,0,-,1,0.708,0.250,0.333,//lgcxydabfbch3774324.cdn.ntruss.com/KBO_IMAGE/person/middle/2020/68346.jpg
90,16,박준태,키움,0.245,90,278,212,41,52,11,0,1,66,15,6,2,64657,1991년 07월 26일,181cm,75kg,6000만원,4500만원,14 KIA 2차 6라운드 61순위,45,0,13,75,3,0.311,0.404,3,100.0,10,0.715,0.172,0.000,//lgcxydabfbch3774324.cdn.ntruss.com/KBO_IMAGE/person/middle/2020/64657.jpg
91,17,김주형,키움,0.233,39,50,43,8,10,3,0,1,16,6,1,0,69306,1996년 03월 05일,176cm,80kg,2000만원,2700만원,19 넥센 2차 10라운드 94순위,4,0,2,10,0,0.372,0.327,3,0.0,1,0.699,0.333,0.000,//lgcxydabfbch3774324.cdn.ntruss.com/KBO_IMAGE/person/middle/2020/69306.jpg
92,18,박병호,키움,0.229,83,343,275,53,63,6,0,20,129,58,0,7,75125,1986년 07월 10일,185cm,107kg,33000만원,200000만원,05 LG 1차,52,2,9,102,8,0.469,0.362,5,-,14,0.831,0.224,0.000,//lgcxydabfbch3774324.cdn.ntruss.com/KBO_IMAGE/person/middle/2020/75125.jpg
93,19,김규민,키움,0.213,48,104,94,11,20,2,1,1,27,6,3,1,62356,1993년 01월 26일,188cm,85kg,5000만원,5400만원,12 넥센 6라운드 58순위,5,0,1,22,3,0.287,0.257,1,100.0,2,0.544,0.190,0.167,//lgcxydabfbch3774324.cdn.ntruss.com/KBO_IMAGE/person/middle/2020/62356.jpg
94,20,이택근,키움,0.193,20,64,57,5,11,5,0,0,16,7,0,0,73342,1980년 07월 10일,183cm,89kg,25000만원,5000만원,99 현대 2차 3라운드 24순위,7,0,0,21,1,0.281,0.281,0,-,2,0.562,0.286,0.333,//lgcxydabfbch3774324.cdn.ntruss.com/KBO_IMAGE/person/middle/2020/73342.jpg
95,21,주효상,키움,0.192,42,65,52,4,10,2,0,0,12,5,3,1,66354,1997년 11월 11일,182cm,85kg,20000만원,4000만원,16 넥센 1차,9,0,0,15,0,0.231,0.306,3,-,0,0.537,0.154,0.200,//lgcxydabfbch3774324.cdn.ntruss.com/KBO_IMAGE/person/middle/2020/66354.jpg
96,22,박정음,키움,0.184,66,41,38,16,7,0,0,0,7,2,0,0,62353,1989년 04월 15일,175cm,77kg,6000만원,4300만원,12 넥센 4라운드 40순위,2,0,1,13,0,0.184,0.244,0,100.0,0,0.428,0.222,0.000,//lgcxydabfbch3774324.cdn.ntruss.com/KBO_IMAGE/person/middle/2020/62353.jpg
97,23,모터,키움,0.114,10,37,35,4,4,0,0,1,7,3,0,1,50300,1989년 09월 18일,185cm,88kg,,200000달러,20 키움 자유선발,1,0,0,10,0,0.200,0.135,2,-,0,0.335,0.091,0.000,//lgcxydabfbch3774324.cdn.ntruss.com/KBO_IMAGE/person/middle/2020/50300.jpg
98,24,김병휘,키움,0.000,1,1,1,1,0,0,0,0,0,0,0,0,50304,2001년 02월 16일,177cm,79kg,7000만원,2700만원,20 키움 2차 4라운드 37순위,0,0,0,1,0,0.000,0.000,0,-,0,0.000,0.000,0.000,//lgcxydabfbch3774324.cdn.ntruss.com/KBO_IMAGE/person/middle/2020/50304.jpg
99,24,송우현,키움,0.000,10,12,9,3,0,0,0,0,0,0,0,0,65362,1996년 12월 27일,181cm,78kg,7000만원,2700만원,15 넥센 2차 6라운드 58순위,2,0,1,2,0,0.000,0.250,0,-,0,0.250,0.000,0.000,//lgcxydabfbch3774324.cdn.ntruss.com/KBO_IMAGE/person/middle/2020/65362.jpg
100,1,김현민,한화,0.400,4,5,5,2,2,0,0,0,2,0,0,0,69702,2000년 02월 23일,183cm,82kg,7000만원,2700만원,19 한화 2차 5라운드 43순위,0,0,0,1,0,0.400,0.400,1,-,0,0.800,1.000,0.000,//lgcxydabfbch3774324.cdn.ntruss.com/KBO_IMAGE/person/middle/2020/69702.jpg
101,2,최승준,한화,0.333,2,4,3,1,1,0,0,0,1,1,0,0,76158,1988년 01월 11일,188cm,88kg,5000만원,4000만원,06 LG 2차 7라운드 51순위,0,0,1,2,0,0.333,0.500,0,-,0,0.833,0.500,0.000,//lgcxydabfbch3774324.cdn.ntruss.com/KBO_IMAGE/person/middle/2020/76158.jpg
102,3,정진호,한화,0.291,69,208,182,22,53,8,1,1,66,11,5,2,61208,1988년 10월 02일,185cm,78kg,6000만원,11300만원,11 두산 5라운드 38순위,19,0,0,26,4,0.363,0.355,0,66.7,11,0.718,0.163,0.385,//lgcxydabfbch3774324.cdn.ntruss.com/KBO_IMAGE/person/middle/2020/61208.jpg
103,4,조한민,한화,0.286,17,36,35,6,10,4,0,0,14,2,0,0,69705,2000년 10월 20일,182cm,77kg,4000만원,2700만원,19 한화 2차 8라운드 73순위,0,0,1,12,0,0.400,0.306,5,-,3,0.706,0.333,0.333,//lgcxydabfbch3774324.cdn.ntruss.com/KBO_IMAGE/person/middle/2020/69705.jpg
104,5,이용규,한화,0.280,89,366,311,47,87,8,0,1,98,22,1,1,74163,1985년 08월 26일,175cm,70kg,,40000만원,04 LG 2차 2라운드 15순위,48,0,5,27,6,0.315,0.384,3,65.2,22,0.699,0.274,0.000,//lgcxydabfbch3774324.cdn.ntruss.com/KBO_IMAGE/person/middle/2020/74163.jpg
105,6,김민하,한화,0.278,15,22,18,3,5,1,0,0,6,2,0,0,61554,1989년 02월 25일,181cm,88kg,,4500만원,11 롯데 육성선수,2,0,2,3,0,0.333,0.409,1,-,0,0.742,0.667,0.000,//lgcxydabfbch3774324.cdn.ntruss.com/KBO_IMAGE/person/middle/2020/61554.jpg
106,7,노수광,한화,0.275,58,204,178,25,49,7,3,1,65,11,2,0,63704,1990년 08월 06일,180cm,80kg,,21000만원,13 한화 육성선수,23,1,1,40,2,0.365,0.361,3,41.7,14,0.726,0.250,0.600,//lgcxydabfbch3774324.cdn.ntruss.com/KBO_IMAGE/person/middle/2020/63704.jpg
107,8,하주석,한화,0.275,52,204,193,14,53,8,0,2,67,26,2,1,62700,1994년 02월 25일,184cm,84kg,30000만원,14000만원,12 한화 1라운드 1순위,7,0,1,45,2,0.347,0.302,8,75.0,15,0.649,0.286,0.000,//lgcxydabfbch3774324.cdn.ntruss.com/KBO_IMAGE/person/middle/2020/62700.jpg
108,9,최재훈,한화,0.263,86,268,236,27,62,14,0,3,85,20,2,0,78288,1989년 08월 27일,178cm,76kg,,20000만원,08 두산 육성선수,19,0,11,35,7,0.360,0.346,2,-,8,0.706,0.241,0.125,//lgcxydabfbch3774324.cdn.ntruss.com/KBO_IMAGE/person/middle/2020/78288.jpg
109,10,노태형,한화,0.250,34,63,56,5,14,3,1,0,19,6,1,0,64704,1995년 02월 08일,182cm,74kg,3000만원,2700만원,14 한화 2차 10라운드 104순위,4,0,2,17,0,0.339,0.323,4,0.0,4,0.662,0.357,0.333,//lgcxydabfbch3774324.cdn.ntruss.com/KBO_IMAGE/person/middle/2020/64704.jpg
110,11,정은원,한화,0.248,79,303,254,28,63,9,2,3,85,29,2,1,68743,2000년 01월 17일,177cm,78kg,9000만원,12000만원,18 한화 2차 3라운드 24순위,41,0,5,41,4,0.335,0.362,4,50.0,17,0.697,0.232,0.333,//lgcxydabfbch3774324.cdn.ntruss.com/KBO_IMAGE/person/middle/2020/68743.jpg
111,12,최진행,한화,0.241,54,184,162,18,39,5,0,7,65,22,0,3,74729,1985년 08월 17일,188cm,100kg,10000만원,16000만원,04 한화 2차 2라운드 10순위,16,0,3,43,8,0.401,0.315,1,-,11,0.716,0.205,0.500,//lgcxydabfbch3774324.cdn.ntruss.com/KBO_IMAGE/person/middle/2020/74729.jpg
112,13,강경학,한화,0.235,50,124,98,12,23,3,0,2,32,10,2,1,61700,1992년 08월 11일,180cm,72kg,10000만원,7800만원,11 한화 2라운드 16순위,22,0,1,30,0,0.327,0.377,5,0.0,3,0.704,0.263,0.091,//lgcxydabfbch3774324.cdn.ntruss.com/KBO_IMAGE/person/middle/2020/61700.jpg
113,14,반즈,한화,0.232,26,115,99,10,23,6,0,2,35,12,0,0,50730,1986년 05월 15일,188cm,95kg,50000달러,50000달러,20 한화 자유선발,12,0,4,31,2,0.354,0.339,0,-,7,0.693,0.261,0.000,//lgcxydabfbch3774324.cdn.ntruss.com/KBO_IMAGE/person/middle/2020/50730.jpg
114,15,임종찬,한화,0.224,23,52,49,3,11,3,0,0,14,2,0,0,50704,2001년 09월 28일,184cm,85kg,9000만원,2700만원,20 한화 2차 3라운드 28순위,3,0,0,16,1,0.286,0.269,0,-,1,0.555,0.222,0.333,//lgcxydabfbch3774324.cdn.ntruss.com/KBO_IMAGE/person/middle/2020/50704.jpg
115,16,박상언,한화,0.222,18,28,27,3,6,2,0,0,8,1,0,0,66707,1997년 03월 03일,185cm,75kg,4000만원,2800만원,16 한화 2차 8라운드 79순위,0,0,1,9,1,0.296,0.250,2,-,1,0.546,0.000,0.000,//lgcxydabfbch3774324.cdn.ntruss.com/KBO_IMAGE/person/middle/2020/66707.jpg
116,16,양성우,한화,0.222,5,9,9,1,2,0,0,0,2,0,0,0,62797,1989년 05월 02일,174cm,84kg,7000만원,7000만원,12 한화 4라운드 41순위,0,0,0,3,0,0.222,0.222,0,-,0,0.444,0.000,0.000,//lgcxydabfbch3774324.cdn.ntruss.com/KBO_IMAGE/person/middle/2020/62797.jpg
117,18,김태균,한화,0.219,67,254,219,14,48,11,0,2,65,29,1,2,71752,1982년 05월 29일,185cm,110kg,16000만원,50000만원,01 한화 1차 ,30,3,2,42,8,0.297,0.316,0,-,12,0.613,0.321,0.000,//lgcxydabfbch3774324.cdn.ntruss.com/KBO_IMAGE/person/middle/2020/71752.jpg
118,19,노시환,한화,0.219,58,183,169,20,37,8,2,6,67,18,1,1,69737,2000년 12월 03일,185cm,96kg,20000만원,3300만원,19 한화 2차 1라운드 3순위,10,0,2,54,4,0.396,0.269,9,0.0,9,0.665,0.121,0.000,//lgcxydabfbch3774324.cdn.ntruss.com/KBO_IMAGE/person/middle/2020/69737.jpg
119,20,오선진,한화,0.218,56,148,133,12,29,4,0,2,39,13,3,0,78756,1989년 07월 07일,178cm,80kg,6000만원,10500만원,08 한화 2차 4라운드 26순위,11,0,1,21,8,0.293,0.283,3,-,5,0.576,0.200,0.000,//lgcxydabfbch3774324.cdn.ntruss.com/KBO_IMAGE/person/middle/2020/78756.jpg
120,21,김문호,한화,0.217,18,52,46,6,10,1,0,2,17,5,0,0,76509,1987년 06월 22일,185cm,102kg,12000만원,5000만원,06 롯데 2차 3라운드 17순위,5,0,1,11,1,0.370,0.308,0,-,3,0.678,0.143,0.200,//lgcxydabfbch3774324.cdn.ntruss.com/KBO_IMAGE/person/middle/2020/76509.jpg
121,22,송광민,한화,0.216,54,173,162,15,35,8,0,5,58,18,1,2,76753,1983년 06월 24일,184cm,90kg,10000만원,25000만원,02 한화 2차 10라운드 76순위,6,0,2,36,13,0.358,0.250,5,-,6,0.608,0.205,0.143,//lgcxydabfbch3774324.cdn.ntruss.com/KBO_IMAGE/person/middle/2020/76753.jpg
122,23,박정현,한화,0.208,18,25,24,1,5,0,0,0,5,2,0,0,50709,2001년 07월 27일,183cm,85kg,4000만원,2700만원,20 한화 2차 8라운드 78순위,1,0,0,11,1,0.208,0.240,0,-,0,0.448,0.400,0.400,//lgcxydabfbch3774324.cdn.ntruss.com/KBO_IMAGE/person/middle/2020/50709.jpg
123,24,이성열,한화,0.204,48,169,157,15,32,4,0,5,51,24,0,0,73136,1984년 07월 13일,185cm,102kg,27000만원,50000만원,03 LG 2차 1라운드 3순위,9,0,3,43,3,0.325,0.260,1,50.0,6,0.585,0.244,0.400,//lgcxydabfbch3774324.cdn.ntruss.com/KBO_IMAGE/person/middle/2020/73136.jpg
124,25,호잉,한화,0.194,34,134,124,12,24,4,0,4,40,14,0,0,68730,1989년 05월 18일,190cm,92kg,300000달러,550000달러,18 한화 자유선발,9,0,1,34,4,0.323,0.254,0,62.5,7,0.577,0.214,0.000,//lgcxydabfbch3774324.cdn.ntruss.com/KBO_IMAGE/person/middle/2020/68730.jpg
125,26,최인호,한화,0.182,19,57,55,2,10,0,0,0,10,4,0,1,50707,2000년 01월 30일,178cm,82kg,6000만원,2700만원,20 한화 2차 6라운드 58순위,1,0,0,16,1,0.182,0.193,0,-,2,0.375,0.176,0.333,//lgcxydabfbch3774324.cdn.ntruss.com/KBO_IMAGE/person/middle/2020/50707.jpg
126,27,이해창,한화,0.175,38,74,63,5,11,0,0,2,17,9,1,2,60343,1987년 05월 11일,184cm,85kg,4000만원,5500만원,10 넥센 7라운드 50순위,6,0,2,16,3,0.270,0.260,3,-,2,0.530,0.182,0.200,//lgcxydabfbch3774324.cdn.ntruss.com/KBO_IMAGE/person/middle/2020/60343.jpg
127,28,김회성,한화,0.167,15,25,18,1,3,1,0,0,4,1,2,1,79705,1985년 12월 04일,190cm,92kg,10000만원,6500만원,09 한화 1차,3,0,1,6,2,0.222,0.304,2,-,0,0.526,0.000,0.000,//lgcxydabfbch3774324.cdn.ntruss.com/KBO_IMAGE/person/middle/2020/79705.jpg
128,28,유장혁,한화,0.167,30,46,42,3,7,1,0,0,8,0,0,0,69766,2000년 05월 30일,186cm,86kg,11000만원,3200만원,19 한화 2차 2라운드 13순위,4,0,0,18,0,0.190,0.239,0,0.0,2,0.429,0.200,0.000,//lgcxydabfbch3774324.cdn.ntruss.com/KBO_IMAGE/person/middle/2020/69766.jpg
129,30,장진혁,한화,0.156,19,37,32,2,5,0,1,0,7,1,0,0,66706,1993년 09월 30일,184cm,83kg,7000만원,5800만원,16 한화 2차 4라운드 39순위,5,0,0,6,0,0.219,0.270,0,66.7,0,0.489,0.182,0.000,//lgcxydabfbch3774324.cdn.ntruss.com/KBO_IMAGE/person/middle/2020/66706.jpg
130,31,김지수,한화,0.150,11,20,20,2,3,0,0,1,6,4,0,0,65503,1996년 10월 29일,178cm,78kg,,2700만원,15 롯데 육성선수,0,0,0,5,0,0.300,0.150,1,-,0,0.450,0.400,1.000,//lgcxydabfbch3774324.cdn.ntruss.com/KBO_IMAGE/person/middle/2020/65503.jpg
131,31,박한결,한화,0.150,13,24,20,5,3,0,0,0,3,1,2,0,63703,1994년 12월 24일,183cm,76kg,,3000만원,13 한화 육성선수,2,0,0,8,2,0.150,0.227,2,-,1,0.377,0.200,0.000,//lgcxydabfbch3774324.cdn.ntruss.com/KBO_IMAGE/person/middle/2020/63703.jpg
132,33,장운호,한화,0.130,20,25,23,5,3,1,0,1,7,4,0,0,63700,1994년 02월 20일,183cm,85kg,6000만원,3800만원,13 한화 6라운드 56순위,2,0,0,8,0,0.304,0.200,0,-,0,0.504,0.286,0.000,//lgcxydabfbch3774324.cdn.ntruss.com/KBO_IMAGE/person/middle/2020/63700.jpg
133,34,정기훈,한화,0.125,13,18,16,2,2,0,0,0,2,0,0,0,64209,1995년 02월 18일,184cm,78kg,6000만원,2700만원,14 두산 2차 5라운드 52순위,1,0,1,9,0,0.125,0.222,0,0.0,0,0.347,0.000,0.200,//lgcxydabfbch3774324.cdn.ntruss.com/KBO_IMAGE/person/middle/2020/64209.jpg
134,35,이동훈,한화,0.100,21,31,30,5,3,0,0,0,3,0,0,0,66702,1996년 07월 24일,178cm,72kg,10000만원,3300만원,16 한화 2차 2라운드 19순위,0,0,1,10,0,0.100,0.129,0,-,0,0.229,0.000,0.000,//lgcxydabfbch3774324.cdn.ntruss.com/KBO_IMAGE/person/middle/2020/66702.jpg
135,36,김진욱,한화,0.000,1,1,1,0,0,0,0,0,0,0,0,0,68701,2000년 01월 13일,176cm,79kg,3000만원,2900만원,18 한화 2차 10라운드 94순위,0,0,0,1,0,0.000,0.000,0,-,0,0.000,0.000,0.000,//lgcxydabfbch3774324.cdn.ntruss.com/KBO_IMAGE/person/middle/2020/68701.jpg
136,1,류지혁,KIA,0.381,25,51,42,13,16,3,0,1,22,5,1,2,62234,1994년 01월 13일,181cm,75kg,7000만원,10500만원,12 두산 4라운드 36순위,1,0,5,6,3,0.524,0.440,4,50.0,4,0.964,0.200,0.000,//lgcxydabfbch3774324.cdn.ntruss.com/KBO_IMAGE/person/middle/2020/62234.jpg
137,2,김선빈,KIA,0.349,46,191,166,23,58,13,0,0,71,19,0,1,78603,1989년 12월 18일,165cm,77kg,3000만원,45000만원,08 KIA 2차 6라운드 43순위,22,0,2,23,4,0.428,0.429,2,50.0,13,0.857,0.421,0.000,//lgcxydabfbch3774324.cdn.ntruss.com/KBO_IMAGE/person/middle/2020/78603.jpg
138,3,최형우,KIA,0.334,92,393,338,60,113,21,1,13,175,61,0,2,72443,1983년 12월 16일,180cm,106kg,5000만원,150000만원,02 삼성 2차 6라운드 48순위,48,2,5,62,6,0.518,0.422,0,-,35,0.940,0.350,1.000,//lgcxydabfbch3774324.cdn.ntruss.com/KBO_IMAGE/person/middle/2020/72443.jpg
139,4,김주찬,KIA,0.333,7,18,18,3,6,0,0,1,9,2,0,0,70410,1981년 03월 25일,183cm,94kg,18000만원,40000만원,00 삼성 2차 1라운드 5순위,0,0,0,2,2,0.500,0.333,0,0.0,1,0.833,0.143,0.000,//lgcxydabfbch3774324.cdn.ntruss.com/KBO_IMAGE/person/middle/2020/70410.jpg
140,5,이창진,KIA,0.330,22,99,88,19,29,8,1,0,39,7,0,0,64560,1991년 03월 04일,173cm,85kg,5000만원,8500만원,14 롯데 2차 6라운드 60순위,10,0,1,17,2,0.443,0.404,0,0.0,7,0.847,0.294,0.000,//lgcxydabfbch3774324.cdn.ntruss.com/KBO_IMAGE/person/middle/2020/64560.jpg
141,6,터커,KIA,0.299,94,415,358,69,107,23,0,24,202,72,0,0,69652,1990년 07월 06일,183cm,95kg,90000달러,550000달러,19 KIA 자유선발,52,2,5,45,8,0.564,0.395,1,0.0,27,0.959,0.302,0.000,//lgcxydabfbch3774324.cdn.ntruss.com/KBO_IMAGE/person/middle/2020/69652.jpg
142,7,나지완,KIA,0.291,92,376,326,55,95,12,0,14,149,71,0,3,78629,1985년 05월 19일,182cm,105kg,10000만원,60000만원,08 KIA 2차 1라운드 5순위,38,0,9,79,2,0.457,0.378,0,-,24,0.835,0.367,0.000,//lgcxydabfbch3774324.cdn.ntruss.com/KBO_IMAGE/person/middle/2020/78629.jpg
143,8,나주환,KIA,0.279,64,222,204,21,57,5,0,6,80,26,4,1,73209,1984년 06월 14일,180cm,84kg,10000만원,12000만원,03 두산 2차 2라운드 16순위,12,0,1,44,6,0.392,0.321,9,-,13,0.713,0.280,0.000,//lgcxydabfbch3774324.cdn.ntruss.com/KBO_IMAGE/person/middle/2020/73209.jpg
144,9,김민식,KIA,0.272,31,103,92,11,25,2,1,1,32,11,2,0,62864,1989년 06월 28일,180cm,80kg,14000만원,8800만원,12 SK 2라운드 11순위,9,0,0,17,2,0.348,0.337,1,-,6,0.685,0.350,0.400,//lgcxydabfbch3774324.cdn.ntruss.com/KBO_IMAGE/person/middle/2020/62864.jpg
145,10,최원준,KIA,0.265,75,185,162,26,43,6,0,1,52,15,5,4,66606,1997년 03월 23일,178cm,85kg,15000만원,7000만원,16 KIA 2차 1라운드 3순위,12,0,2,18,0,0.321,0.317,2,100.0,7,0.638,0.250,0.500,//lgcxydabfbch3774324.cdn.ntruss.com/KBO_IMAGE/person/middle/2020/66606.jpg
146,11,유민상,KIA,0.264,81,299,254,22,67,14,0,5,96,49,2,2,62265,1989년 04월 13일,186cm,101kg,5000만원,6000만원,12 두산 7라운드 65순위,38,1,3,52,10,0.378,0.364,7,-,11,0.742,0.364,0.375,//lgcxydabfbch3774324.cdn.ntruss.com/KBO_IMAGE/person/middle/2020/62265.jpg
147,12,오선우,KIA,0.259,46,62,58,11,15,0,0,4,27,14,0,0,69636,1996년 12월 13일,186cm,95kg,5000만원,3000만원,19 KIA 2차 5라운드 50순위,2,0,2,23,2,0.466,0.306,0,-,2,0.772,0.292,0.273,//lgcxydabfbch3774324.cdn.ntruss.com/KBO_IMAGE/person/middle/2020/69636.jpg
148,13,홍종표,KIA,0.256,20,46,43,5,11,1,0,0,12,6,2,0,50600,2000년 05월 02일,178cm,72kg,11000만원,2700만원,20 KIA 2차 2라운드 16순위,1,0,0,7,0,0.279,0.273,0,0.0,3,0.552,0.188,0.000,//lgcxydabfbch3774324.cdn.ntruss.com/KBO_IMAGE/person/middle/2020/50600.jpg
149,14,이진영,KIA,0.250,5,5,4,0,1,0,0,0,1,1,0,0,66657,1997년 07월 21일,183cm,82kg,5000만원,3400만원,16 KIA 2차 6라운드 58순위,1,0,0,1,0,0.250,0.400,0,-,0,0.650,0.500,0.250,//lgcxydabfbch3774324.cdn.ntruss.com/KBO_IMAGE/person/middle/2020/66657.jpg
150,14,최정민,KIA,0.250,10,4,4,5,1,0,0,0,1,2,0,0,62893,1989년 06월 02일,177cm,72kg,6000만원,3500만원,12 SK 5라운드 49순위,0,0,0,1,0,0.250,0.250,0,-,0,0.500,0.250,0.000,//lgcxydabfbch3774324.cdn.ntruss.com/KBO_IMAGE/person/middle/2020/62893.jpg
151,14,황대인,KIA,0.250,31,82,72,11,18,3,0,3,30,10,0,1,65610,1996년 02월 10일,178cm,100kg,16000만원,3000만원,15 KIA 2차 1라운드 2순위,9,0,0,15,4,0.417,0.329,2,-,4,0.746,0.167,0.444,//lgcxydabfbch3774324.cdn.ntruss.com/KBO_IMAGE/person/middle/2020/65610.jpg
152,17,한승택,KIA,0.247,60,197,166,19,41,5,0,8,70,22,7,0,63722,1994년 06월 21일,174cm,83kg,9000만원,8000만원,13 한화 3라운드 23순위,19,0,5,43,4,0.422,0.342,3,-,9,0.764,0.231,0.000,//lgcxydabfbch3774324.cdn.ntruss.com/KBO_IMAGE/person/middle/2020/63722.jpg
153,18,백용환,KIA,0.243,38,87,74,11,18,3,0,4,33,9,1,0,78643,1989년 03월 20일,180cm,95kg,4000만원,4000만원,08 KIA 2차 5라운드 37순위,12,0,0,20,1,0.446,0.349,2,-,4,0.795,0.250,0.111,//lgcxydabfbch3774324.cdn.ntruss.com/KBO_IMAGE/person/middle/2020/78643.jpg
154,19,황윤호,KIA,0.243,24,73,70,5,17,3,0,0,20,5,0,0,62908,1993년 09월 22일,177cm,78kg,3000만원,5000만원,12 NC 10라운드 87순위,3,0,0,10,3,0.286,0.274,4,100.0,2,0.560,0.143,0.000,//lgcxydabfbch3774324.cdn.ntruss.com/KBO_IMAGE/person/middle/2020/62908.jpg
155,20,박찬호,KIA,0.239,94,375,343,46,82,12,0,3,103,29,7,2,64646,1995년 06월 05일,178cm,72kg,8000만원,10500만원,14 KIA 2차 5라운드 50순위,23,0,0,66,6,0.300,0.285,10,72.2,24,0.585,0.213,0.000,//lgcxydabfbch3774324.cdn.ntruss.com/KBO_IMAGE/person/middle/2020/64646.jpg
156,21,고장혁,KIA,0.231,6,13,13,0,3,0,0,0,3,0,0,0,63636,1990년 01월 08일,183cm,93kg,6000만원,5000만원,13 KIA 5라운드 44순위,0,0,0,5,0,0.231,0.231,0,-,0,0.462,0.333,0.000,//lgcxydabfbch3774324.cdn.ntruss.com/KBO_IMAGE/person/middle/2020/63636.jpg
157,22,김호령,KIA,0.226,56,145,124,32,28,5,2,4,49,16,3,1,65653,1992년 04월 30일,178cm,85kg,3000만원,8500만원,15 KIA 2차 10라운드 102순위,14,0,3,49,2,0.395,0.317,2,60.0,6,0.712,0.259,0.667,//lgcxydabfbch3774324.cdn.ntruss.com/KBO_IMAGE/person/middle/2020/65653.jpg
158,23,김태진,KIA,0.217,37,88,83,10,18,1,1,1,24,6,1,0,64984,1995년 10월 07일,170cm,75kg,8000만원,9000만원,14 NC 2차 4라운드 45순위,4,0,0,22,0,0.289,0.253,2,50.0,3,0.542,0.217,0.250,//lgcxydabfbch3774324.cdn.ntruss.com/KBO_IMAGE/person/middle/2020/64984.jpg
159,24,김규성,KIA,0.187,63,146,123,14,23,2,1,2,33,7,9,0,66614,1997년 03월 08일,183cm,73kg,4000만원,2900만원,16 KIA 2차 7라운드 63순위,13,0,1,29,1,0.268,0.270,3,50.0,5,0.538,0.185,0.000,//lgcxydabfbch3774324.cdn.ntruss.com/KBO_IMAGE/person/middle/2020/66614.jpg
160,25,최정용,KIA,0.174,31,49,46,4,8,1,0,1,12,4,1,0,65464,1996년 10월 24일,178cm,75kg,11000만원,3600만원,15 삼성 2차 2라운드 15순위,2,0,0,13,0,0.261,0.208,1,-,1,0.469,0.125,0.167,//lgcxydabfbch3774324.cdn.ntruss.com/KBO_IMAGE/person/middle/2020/65464.jpg
161,26,문선재,KIA,0.167,15,6,6,1,1,0,0,0,1,0,0,0,79113,1990년 05월 20일,185cm,91kg,5000만원,4500만원,09 LG 2차 7라운드 52순위,0,0,0,2,0,0.167,0.167,0,-,0,0.334,0.000,0.000,//lgcxydabfbch3774324.cdn.ntruss.com/KBO_IMAGE/person/middle/2020/79113.jpg
162,27,장영석,KIA,0.129,11,37,31,1,4,0,0,0,4,2,0,1,79334,1990년 05월 14일,186cm,100kg,13000만원,7500만원,09 히어로즈 2차 1라운드 3순위,4,0,1,7,3,0.129,0.243,3,-,0,0.372,0.125,0.000,//lgcxydabfbch3774324.cdn.ntruss.com/KBO_IMAGE/person/middle/2020/79334.jpg
163,28,이우성,KIA,0.120,29,31,25,4,3,1,0,0,4,1,0,0,63260,1994년 07월 17일,182cm,95kg,12000만원,4000만원,13 두산 2라운드 15순위,4,0,2,6,0,0.160,0.290,0,-,0,0.450,0.000,0.200,//lgcxydabfbch3774324.cdn.ntruss.com/KBO_IMAGE/person/middle/2020/63260.jpg
164,29,박민,KIA,0.000,6,2,1,1,0,0,0,0,0,0,0,0,50657,2001년 06월 05일,184cm,84kg,15000만원,2700만원,20 KIA 2차 1라운드 6순위,1,0,0,1,0,0.000,0.500,1,-,0,0.500,0.000,0.000,//lgcxydabfbch3774324.cdn.ntruss.com/KBO_IMAGE/person/middle/2020/50657.jpg
165,29,이정훈,KIA,0.000,3,4,4,0,0,0,0,0,0,0,0,0,67644,1994년 12월 07일,185cm,90kg,3000만원,3000만원,17 KIA 2차 10라운드 94순위,0,0,0,2,0,0.000,0.000,0,-,0,0.000,0.000,0.000,//lgcxydabfbch3774324.cdn.ntruss.com/KBO_IMAGE/person/middle/2020/67644.jpg
166,1,로하스,KT,0.341,95,424,384,79,131,28,1,33,260,91,0,3,67025,1990년 05월 24일,189cm,102kg,100000달러,800000달러,17 KT 자유선발,34,2,3,97,8,0.677,0.396,3,0.0,40,1.073,0.330,0.000,//lgcxydabfbch3774324.cdn.ntruss.com/KBO_IMAGE/person/middle/2020/67025.jpg
167,2,허도환,KT,0.324,30,38,34,1,11,0,0,0,11,4,0,0,77243,1984년 07월 31일,176cm,87kg,,6500만원,03 두산 2차 7라운드 56순위,3,0,1,9,1,0.324,0.395,2,-,2,0.719,0.364,0.000,//lgcxydabfbch3774324.cdn.ntruss.com/KBO_IMAGE/person/middle/2020/77243.jpg
168,3,강백호,KT,0.314,80,352,309,59,97,22,1,16,169,54,0,3,68050,1999년 07월 29일,184cm,98kg,45000만원,21000만원,18 KT 2차 1라운드 1순위,38,3,2,61,5,0.547,0.389,4,66.7,27,0.936,0.235,0.500,//lgcxydabfbch3774324.cdn.ntruss.com/KBO_IMAGE/person/middle/2020/68050.jpg
169,4,배정대,KT,0.311,95,403,350,59,109,22,3,10,167,44,4,2,64166,1995년 06월 12일,185cm,80kg,15000만원,4800만원,14 LG 2차 1라운드 3순위,44,0,3,91,6,0.477,0.391,4,64.0,30,0.868,0.279,0.000,//lgcxydabfbch3774324.cdn.ntruss.com/KBO_IMAGE/person/middle/2020/64166.jpg
170,5,조용호,KT,0.306,87,310,265,50,81,11,0,0,92,19,1,1,64868,1989년 09월 09일,170cm,75kg,,7000만원,14 SK 육성선수,41,0,2,55,5,0.347,0.401,1,80.0,19,0.748,0.343,0.444,//lgcxydabfbch3774324.cdn.ntruss.com/KBO_IMAGE/person/middle/2020/64868.jpg
171,6,황재균,KT,0.298,85,376,339,66,101,27,2,12,168,57,2,2,76313,1987년 07월 28일,183cm,96kg,6000만원,120000만원,06 현대 2차 3라운드 24순위,30,0,3,59,6,0.496,0.358,6,63.6,29,0.854,0.277,1.000,//lgcxydabfbch3774324.cdn.ntruss.com/KBO_IMAGE/person/middle/2020/76313.jpg
172,7,장성우,KT,0.288,89,302,260,26,75,9,0,8,108,58,8,5,78548,1990년 01월 17일,187cm,100kg,20000만원,13500만원,08 롯데 1차,28,0,1,40,11,0.415,0.354,2,-,20,0.769,0.329,0.400,//lgcxydabfbch3774324.cdn.ntruss.com/KBO_IMAGE/person/middle/2020/78548.jpg
173,8,유한준,KT,0.284,78,298,268,37,76,13,0,8,113,41,1,0,74339,1981년 07월 01일,186cm,97kg,6000만원,50000만원,00 현대 2차 3라운드 20순위,29,2,0,35,7,0.422,0.354,0,-,18,0.776,0.308,0.143,//lgcxydabfbch3774324.cdn.ntruss.com/KBO_IMAGE/person/middle/2020/74339.jpg
174,9,김민혁,KT,0.277,75,186,166,30,46,4,2,4,66,19,1,1,64004,1995년 11월 21일,181cm,71kg,6000만원,9000만원,14 KT 2차 6라운드 56순위,18,0,0,31,2,0.398,0.346,4,66.7,12,0.744,0.217,0.143,//lgcxydabfbch3774324.cdn.ntruss.com/KBO_IMAGE/person/middle/2020/64004.jpg
175,10,박경수,KT,0.269,83,277,234,27,63,10,0,10,103,45,2,4,73113,1984년 03월 31일,178cm,80kg,43000만원,40000만원,03 LG 1차,33,2,4,72,9,0.440,0.364,6,0.0,14,0.804,0.290,0.154,//lgcxydabfbch3774324.cdn.ntruss.com/KBO_IMAGE/person/middle/2020/73113.jpg
176,11,강현우,KT,0.240,22,27,25,2,6,2,0,1,11,3,0,0,50066,2001년 04월 13일,180cm,90kg,15000만원,2700만원,20 KT 2차 1라운드 2순위,2,0,0,6,1,0.440,0.296,0,-,1,0.736,0.400,0.000,//lgcxydabfbch3774324.cdn.ntruss.com/KBO_IMAGE/person/middle/2020/50066.jpg
177,12,강민국,KT,0.229,47,51,48,8,11,0,0,0,11,5,2,0,64906,1992년 01월 10일,176cm,80kg,20000만원,4000만원,14 NC 1차,1,0,0,10,0,0.229,0.245,4,-,2,0.474,0.556,0.000,//lgcxydabfbch3774324.cdn.ntruss.com/KBO_IMAGE/person/middle/2020/64906.jpg
178,13,심우준,KT,0.226,95,359,318,37,72,8,3,3,95,34,9,3,64006,1995년 04월 28일,183cm,75kg,13000만원,13000만원,14 KT 2차 특별 14순위,27,0,2,67,5,0.299,0.289,13,66.7,18,0.588,0.250,0.000,//lgcxydabfbch3774324.cdn.ntruss.com/KBO_IMAGE/person/middle/2020/64006.jpg
179,14,박승욱,KT,0.224,56,91,76,13,17,1,1,1,23,5,1,1,62802,1992년 12월 04일,184cm,85kg,8000만원,8000만원,12 SK 3라운드 31순위,10,0,3,24,1,0.303,0.333,5,80.0,3,0.636,0.143,0.250,//lgcxydabfbch3774324.cdn.ntruss.com/KBO_IMAGE/person/middle/2020/62802.jpg
180,15,천성호,KT,0.213,51,69,61,9,13,3,0,0,16,1,0,0,50054,1997년 10월 30일,183cm,85kg,10000만원,2700만원,20 KT 2차 2라운드 12순위,7,0,1,12,0,0.262,0.304,3,50.0,2,0.566,0.188,0.000,//lgcxydabfbch3774324.cdn.ntruss.com/KBO_IMAGE/person/middle/2020/50054.jpg
181,16,문상철,KT,0.197,36,72,66,12,13,2,0,2,21,9,1,1,64007,1991년 04월 06일,184cm,85kg,13000만원,4000만원,14 KT 2차 특별 11순위,4,0,0,19,0,0.318,0.239,1,0.0,5,0.557,0.158,0.000,//lgcxydabfbch3774324.cdn.ntruss.com/KBO_IMAGE/person/middle/2020/64007.jpg
182,17,이홍구,KT,0.194,33,71,62,4,12,1,0,2,19,5,0,1,63634,1990년 12월 11일,180cm,95kg,11000만원,9000만원,13 KIA 2라운드 14순위,6,0,2,20,3,0.306,0.282,1,-,3,0.588,0.143,0.500,//lgcxydabfbch3774324.cdn.ntruss.com/KBO_IMAGE/person/middle/2020/63634.jpg
183,18,김병희,KT,0.176,13,17,17,2,3,0,0,1,6,1,0,0,64014,1990년 12월 06일,180cm,82kg,13000만원,3000만원,14 KT 2차 특별 13순위,0,0,0,5,0,0.353,0.176,1,-,1,0.529,0.000,0.000,//lgcxydabfbch3774324.cdn.ntruss.com/KBO_IMAGE/person/middle/2020/64014.jpg
184,19,송민섭,KT,0.111,72,31,27,8,3,0,0,0,3,1,1,1,64012,1991년 08월 02일,177cm,80kg,,4700만원,14 KT 육성선수,2,0,0,10,0,0.111,0.167,0,66.7,0,0.278,0.000,0.000,//lgcxydabfbch3774324.cdn.ntruss.com/KBO_IMAGE/person/middle/2020/64012.jpg
185,20,김영환,KT,0.000,10,10,9,0,0,0,0,0,0,0,1,0,63448,1993년 01월 31일,178cm,74kg,,3300만원,13 삼성 2라운드 11순위,0,0,0,3,0,0.000,0.000,0,-,0,0.000,0.000,0.000,//lgcxydabfbch3774324.cdn.ntruss.com/KBO_IMAGE/person/middle/2020/63448.jpg
186,20,김태훈,KT,0.000,2,3,3,0,0,0,0,0,0,0,0,0,65040,1996년 03월 31일,177cm,78kg,6000만원,2900만원,15 KT 2차 5라운드 53순위,0,0,0,1,0,0.000,0.000,0,-,0,0.000,0.000,0.000,//lgcxydabfbch3774324.cdn.ntruss.com/KBO_IMAGE/person/middle/2020/65040.jpg
187,20,홍현빈,KT,0.000,3,1,1,0,0,0,0,0,0,0,0,0,67005,1997년 08월 29일,174cm,70kg,9000만원,2900만원,17 KT 2차 3라운드 21순위,0,0,0,1,0,0.000,0.000,0,-,0,0.000,0.000,0.000,//lgcxydabfbch3774324.cdn.ntruss.com/KBO_IMAGE/person/middle/2020/67005.jpg
188,1,김현수,LG,0.345,99,436,391,73,135,27,1,20,224,84,0,3,76290,1988년 01월 12일,188cm,100kg,,130000만원,06 두산 육성선수,40,7,2,37,8,0.573,0.406,1,0.0,40,0.979,0.483,0.000,//lgcxydabfbch3774324.cdn.ntruss.com/KBO_IMAGE/person/middle/2020/76290.jpg
189,2,손호영,LG,0.345,19,30,29,8,10,2,0,0,12,2,0,0,50150,1994년 08월 23일,182cm,88kg,,2700만원,20 LG 2차 3라운드 23순위,1,0,0,6,2,0.414,0.367,2,100.0,3,0.781,0.444,0.000,//lgcxydabfbch3774324.cdn.ntruss.com/KBO_IMAGE/person/middle/2020/50150.jpg
190,3,김용의,LG,0.316,72,60,57,18,18,1,1,1,24,11,1,1,78217,1985년 08월 20일,187cm,74kg,5000만원,10500만원,08 두산 2차 4라운드 29순위,1,0,0,11,1,0.421,0.322,0,66.7,2,0.743,0.350,0.375,//lgcxydabfbch3774324.cdn.ntruss.com/KBO_IMAGE/person/middle/2020/78217.jpg
191,4,이형종,LG,0.312,39,162,141,24,44,7,2,8,79,22,0,0,78135,1989년 06월 07일,183cm,80kg,43000만원,20000만원,08 LG 1차,17,0,4,26,3,0.560,0.401,4,100.0,12,0.961,0.290,0.500,//lgcxydabfbch3774324.cdn.ntruss.com/KBO_IMAGE/person/middle/2020/78135.jpg
192,5,박용택,LG,0.305,58,168,154,19,47,11,0,2,64,28,0,3,72133,1979년 04월 21일,185cm,90kg,30000만원,80000만원,98 LG 2차우선,11,0,0,26,6,0.416,0.345,0,100.0,8,0.761,0.333,0.250,//lgcxydabfbch3774324.cdn.ntruss.com/KBO_IMAGE/person/middle/2020/72133.jpg
193,6,라모스,LG,0.296,93,388,341,58,101,14,1,30,207,67,0,4,50165,1994년 12월 28일,193cm,115kg,50000달러,300000달러,20 LG 자유선발,40,4,3,105,6,0.607,0.371,4,100.0,28,0.978,0.266,0.000,//lgcxydabfbch3774324.cdn.ntruss.com/KBO_IMAGE/person/middle/2020/50165.jpg
194,7,김민성,LG,0.293,55,212,188,19,55,13,0,3,77,34,2,3,77564,1988년 12월 17일,181cm,94kg,10000만원,40000만원,07 롯데 2차 2라운드 13순위,17,0,2,38,8,0.410,0.352,4,100.0,15,0.762,0.353,0.000,//lgcxydabfbch3774324.cdn.ntruss.com/KBO_IMAGE/person/middle/2020/77564.jpg
195,8,채은성,LG,0.288,78,335,302,45,87,13,1,9,129,65,0,4,79192,1990년 02월 06일,186cm,92kg,,32000만원,09 LG 육성선수,23,1,6,58,8,0.427,0.346,0,0.0,27,0.773,0.379,0.250,//lgcxydabfbch3774324.cdn.ntruss.com/KBO_IMAGE/person/middle/2020/79192.jpg
196,9,오지환,LG,0.285,96,396,358,58,102,27,5,9,166,51,5,4,79109,1990년 03월 12일,186cm,80kg,28000만원,60000만원,09 LG 1차,23,1,6,78,3,0.464,0.335,9,77.8,26,0.799,0.280,0.000,//lgcxydabfbch3774324.cdn.ntruss.com/KBO_IMAGE/person/middle/2020/79109.jpg
197,10,이천웅,LG,0.283,59,268,230,39,65,7,1,1,77,27,2,5,61186,1988년 10월 20일,182cm,90kg,,28000만원,11 LG 육성선수,27,0,4,30,2,0.335,0.361,0,54.5,20,0.696,0.333,0.000,//lgcxydabfbch3774324.cdn.ntruss.com/KBO_IMAGE/person/middle/2020/61186.jpg
198,11,홍창기,LG,0.280,90,299,236,58,66,19,5,3,104,22,2,2,66108,1993년 11월 21일,189cm,94kg,8000만원,3800만원,16 LG 2차 3라운드 27순위,53,1,6,56,7,0.441,0.421,2,57.1,19,0.862,0.222,0.143,//lgcxydabfbch3774324.cdn.ntruss.com/KBO_IMAGE/person/middle/2020/66108.jpg
199,12,신민재,LG,0.273,43,12,11,15,3,0,0,0,3,3,0,0,65207,1996년 01월 21일,171cm,67kg,,5000만원,15 두산 육성선수,1,0,0,2,1,0.273,0.333,0,60.0,0,0.606,0.333,0.000,//lgcxydabfbch3774324.cdn.ntruss.com/KBO_IMAGE/person/middle/2020/65207.jpg
200,13,유강남,LG,0.268,94,335,306,40,82,12,0,13,133,62,0,2,61102,1992년 07월 15일,182cm,88kg,4000만원,23000만원,11 LG 7라운드 50순위,18,1,9,69,12,0.435,0.325,1,50.0,18,0.760,0.418,0.429,//lgcxydabfbch3774324.cdn.ntruss.com/KBO_IMAGE/person/middle/2020/61102.jpg
201,14,이성우,LG,0.268,49,66,56,7,15,1,0,3,25,11,4,0,71184,1981년 09월 01일,180cm,91kg,,8000만원,05 SK 육성선수,6,0,0,11,2,0.446,0.339,0,-,2,0.785,0.333,0.000,//lgcxydabfbch3774324.cdn.ntruss.com/KBO_IMAGE/person/middle/2020/71184.jpg
202,15,양석환,LG,0.263,5,21,19,1,5,0,0,1,8,5,0,0,64153,1991년 07월 15일,185cm,90kg,9000만원,21000만원,14 LG 2차 3라운드 28순위,1,0,1,2,0,0.421,0.333,0,-,1,0.754,0.500,0.000,//lgcxydabfbch3774324.cdn.ntruss.com/KBO_IMAGE/person/middle/2020/64153.jpg
203,16,정주현,LG,0.261,90,239,211,35,55,7,4,3,79,27,4,1,79150,1990년 10월 13일,176cm,76kg,6000만원,12500만원,09 LG 2차 5라운드 36순위,22,0,1,44,2,0.374,0.332,5,54.5,15,0.706,0.327,0.000,//lgcxydabfbch3774324.cdn.ntruss.com/KBO_IMAGE/person/middle/2020/79150.jpg
204,17,백승현,LG,0.250,27,39,28,5,7,1,0,0,8,2,6,0,65109,1995년 05월 26일,183cm,78kg,7000만원,3400만원,15 LG 2차 3라운드 30순위,4,0,1,8,0,0.286,0.364,1,-,1,0.650,0.500,0.000,//lgcxydabfbch3774324.cdn.ntruss.com/KBO_IMAGE/person/middle/2020/65109.jpg
205,18,김호은,LG,0.247,54,95,89,12,22,4,0,2,32,8,0,0,66113,1992년 01월 03일,181cm,87kg,5000만원,2700만원,16 LG 2차 7라운드 67순위,4,0,2,9,2,0.360,0.295,1,-,4,0.655,0.227,0.192,//lgcxydabfbch3774324.cdn.ntruss.com/KBO_IMAGE/person/middle/2020/66113.jpg
206,19,정근우,LG,0.232,58,159,138,20,32,2,0,1,37,12,3,1,75808,1982년 10월 02일,172cm,80kg,14000만원,35000만원,05 SK 2차 1라운드 7순위,15,0,2,19,4,0.268,0.314,8,77.8,6,0.582,0.179,0.188,//lgcxydabfbch3774324.cdn.ntruss.com/KBO_IMAGE/person/middle/2020/75808.jpg
207,20,장준원,LG,0.228,35,65,57,9,13,3,0,1,19,6,1,1,64115,1995년 11월 21일,183cm,77kg,10000만원,3400만원,14 LG 2차 2라운드 23순위,6,0,0,7,1,0.333,0.297,0,-,3,0.630,0.167,1.000,//lgcxydabfbch3774324.cdn.ntruss.com/KBO_IMAGE/person/middle/2020/64115.jpg
208,21,전민수,LG,0.200,4,6,5,0,1,0,0,0,1,0,0,0,78361,1989년 03월 18일,177cm,76kg,5500만원,5000만원,08 현대 2차 4라운드 27순위,1,0,0,2,0,0.200,0.333,1,-,0,0.533,0.000,0.000,//lgcxydabfbch3774324.cdn.ntruss.com/KBO_IMAGE/person/middle/2020/78361.jpg
209,22,구본혁,LG,0.188,88,73,64,14,12,0,1,1,17,6,2,0,69100,1997년 01월 11일,177cm,75kg,5000만원,4000만원,19 LG 2차 6라운드 55순위,6,0,1,13,2,0.266,0.268,4,-,3,0.534,0.222,0.000,//lgcxydabfbch3774324.cdn.ntruss.com/KBO_IMAGE/person/middle/2020/69100.jpg
210,23,박재욱,LG,0.167,6,7,6,0,1,0,0,0,1,1,0,0,64100,1995년 12월 06일,180cm,92kg,3000만원,3500만원,14 LG 2차 10라운드 103순위,0,0,1,1,0,0.167,0.286,0,-,0,0.453,1.000,0.000,//lgcxydabfbch3774324.cdn.ntruss.com/KBO_IMAGE/person/middle/2020/64100.jpg
211,24,이재원,LG,0.050,14,21,20,1,1,0,0,0,1,0,0,0,68106,1999년 07월 17일,192cm,100kg,10000만원,2700만원,18 LG 2차 2라운드 17순위,1,0,0,11,0,0.050,0.095,1,-,0,0.145,0.000,0.000,//lgcxydabfbch3774324.cdn.ntruss.com/KBO_IMAGE/person/middle/2020/68106.jpg
212,25,최재원,LG,0.000,6,6,6,0,0,0,0,0,0,0,0,0,63913,1990년 07월 30일,183cm,81kg,4000만원,6000만원,13 NC 8라운드 67순위,0,0,0,4,1,0.000,0.000,0,-,0,0.000,0.000,0.000,//lgcxydabfbch3774324.cdn.ntruss.com/KBO_IMAGE/person/middle/2020/63913.jpg
213,25,한석현,LG,0.000,9,3,2,3,0,0,0,0,0,0,0,0,64101,1994년 05월 17일,181cm,73kg,5000만원,2700만원,14 LG 2차 5라운드 48순위,1,0,0,1,0,0.000,0.333,0,100.0,0,0.333,0.000,0.000,//lgcxydabfbch3774324.cdn.ntruss.com/KBO_IMAGE/person/middle/2020/64101.jpg
214,1,김기환,NC,0.500,4,2,2,1,1,1,0,0,2,0,0,0,65462,1995년 08월 25일,182cm,74kg,9000만원,2700만원,15 삼성 2차 3라운드 32순위,0,0,0,0,0,1.000,0.500,0,-,0,1.500,0.000,1.000,//lgcxydabfbch3774324.cdn.ntruss.com/KBO_IMAGE/person/middle/2020/65462.jpg
215,2,최정원,NC,0.381,15,27,21,5,8,3,1,0,13,2,1,0,69992,2000년 06월 24일,176cm,70kg,5000만원,2700만원,19 NC 2차 7라운드 67순위,5,0,0,5,0,0.619,0.500,1,100.0,0,1.119,0.500,0.500,//lgcxydabfbch3774324.cdn.ntruss.com/KBO_IMAGE/person/middle/2020/69992.jpg
216,3,강진성,NC,0.337,80,294,270,44,91,19,0,12,146,54,2,5,62925,1993년 10월 19일,180cm,81kg,7000만원,3800만원,12 NC 4라운드 33순위,12,0,5,30,5,0.541,0.370,3,83.3,24,0.911,0.361,0.556,//lgcxydabfbch3774324.cdn.ntruss.com/KBO_IMAGE/person/middle/2020/62925.jpg
217,4,박민우,NC,0.333,77,325,288,50,96,18,2,4,130,33,1,6,62907,1993년 02월 06일,185cm,80kg,16000만원,52000만원,12 NC 1라운드 9순위,26,2,4,29,6,0.451,0.389,5,66.7,27,0.840,0.414,0.500,//lgcxydabfbch3774324.cdn.ntruss.com/KBO_IMAGE/person/middle/2020/62907.jpg
218,5,이명기,NC,0.325,89,353,317,55,103,14,2,1,124,36,2,3,76849,1987년 12월 26일,183cm,87kg,3000만원,24000만원,06 SK 2차 8라운드 63순위,29,0,2,52,5,0.391,0.382,1,66.7,29,0.773,0.324,0.143,//lgcxydabfbch3774324.cdn.ntruss.com/KBO_IMAGE/person/middle/2020/76849.jpg
219,6,나성범,NC,0.318,90,415,371,81,118,26,2,27,229,84,0,1,62947,1989년 10월 03일,183cm,100kg,30000만원,50000만원,12 NC 2라운드 10순위,36,1,7,109,6,0.617,0.388,0,0.0,39,1.005,0.330,0.000,//lgcxydabfbch3774324.cdn.ntruss.com/KBO_IMAGE/person/middle/2020/62947.jpg
220,7,양의지,NC,0.311,83,330,283,51,88,19,0,16,155,70,1,5,76232,1987년 06월 05일,179cm,85kg,3000만원,200000만원,06 두산 2차 8라운드 59순위,29,2,12,29,9,0.548,0.392,1,100.0,25,0.940,0.407,0.222,//lgcxydabfbch3774324.cdn.ntruss.com/KBO_IMAGE/person/middle/2020/76232.jpg
221,8,알테어,NC,0.299,89,354,318,65,95,15,5,21,183,78,0,2,50923,1991년 01월 14일,196cm,97kg,200000달러,800000달러,20 NC 자유선발,26,1,8,99,7,0.575,0.364,0,83.3,26,0.939,0.348,0.000,//lgcxydabfbch3774324.cdn.ntruss.com/KBO_IMAGE/person/middle/2020/50923.jpg
222,9,모창민,NC,0.297,50,122,118,8,35,10,1,2,53,8,0,0,78813,1985년 05월 08일,188cm,89kg,12000만원,30000만원,08 SK 2차 1라운드 3순위,4,1,0,18,3,0.449,0.320,1,-,8,0.769,0.250,0.333,//lgcxydabfbch3774324.cdn.ntruss.com/KBO_IMAGE/person/middle/2020/78813.jpg
223,10,김형준,NC,0.290,19,32,31,2,9,0,0,0,9,3,0,0,68912,1999년 11월 02일,187cm,98kg,15000만원,5000만원,18 NC 2차 1라운드 9순위,1,0,0,8,0,0.290,0.313,0,-,2,0.603,0.400,0.286,//lgcxydabfbch3774324.cdn.ntruss.com/KBO_IMAGE/person/middle/2020/68912.jpg
224,11,김태군,NC,0.289,56,97,83,13,24,6,0,1,33,17,6,1,78122,1989년 12월 30일,182cm,92kg,8000만원,20000만원,08 LG 2차 3라운드 17순위,3,0,4,13,3,0.398,0.341,2,-,4,0.739,0.348,0.000,//lgcxydabfbch3774324.cdn.ntruss.com/KBO_IMAGE/person/middle/2020/78122.jpg
225,12,박석민,NC,0.284,86,307,243,40,69,7,0,10,106,44,2,3,74465,1985년 06월 22일,178cm,88kg,18000만원,70000만원,04 삼성 1차,49,2,9,41,4,0.436,0.418,12,0.0,10,0.854,0.324,0.571,//lgcxydabfbch3774324.cdn.ntruss.com/KBO_IMAGE/person/middle/2020/74465.jpg
226,13,노진혁,NC,0.279,87,319,287,48,80,14,2,15,143,59,1,0,62931,1989년 07월 15일,184cm,80kg,8000만원,14000만원,12 NC 특별 20순위,30,1,1,66,7,0.498,0.349,5,0.0,24,0.847,0.368,0.167,//lgcxydabfbch3774324.cdn.ntruss.com/KBO_IMAGE/person/middle/2020/62931.jpg
227,14,이원재,NC,0.274,36,79,73,10,20,4,2,1,31,5,1,0,62025,1989년 05월 20일,186cm,86kg,,7100만원,13 NC 육성선수,5,1,0,17,2,0.425,0.321,1,100.0,5,0.746,0.188,0.083,//lgcxydabfbch3774324.cdn.ntruss.com/KBO_IMAGE/person/middle/2020/62025.jpg
228,15,김찬형,NC,0.264,47,60,53,8,14,4,0,0,18,6,2,1,66917,1997년 12월 29일,182cm,80kg,5000만원,5800만원,16 NC 2차 6라운드 53순위,3,0,1,8,0,0.340,0.310,6,50.0,1,0.650,0.313,0.167,//lgcxydabfbch3774324.cdn.ntruss.com/KBO_IMAGE/person/middle/2020/66917.jpg
229,16,권희동,NC,0.262,79,279,225,43,59,10,0,10,99,35,5,2,63963,1990년 12월 30일,177cm,85kg,3000만원,13500만원,13 NC 9라운드 84순위,40,0,7,50,5,0.440,0.387,2,100.0,11,0.827,0.309,0.444,//lgcxydabfbch3774324.cdn.ntruss.com/KBO_IMAGE/person/middle/2020/63963.jpg
230,17,김준완,NC,0.240,38,59,50,7,12,0,0,1,15,5,0,0,63920,1991년 01월 20일,174cm,75kg,,8000만원,13 NC 육성선수,9,0,0,8,3,0.300,0.356,0,-,0,0.656,0.176,0.500,//lgcxydabfbch3774324.cdn.ntruss.com/KBO_IMAGE/person/middle/2020/63920.jpg
231,18,김성욱,NC,0.238,62,116,101,18,24,4,0,3,37,11,3,0,62934,1993년 05월 01일,181cm,83kg,7000만원,12000만원,12 NC 3라운드 32순위,9,0,3,21,0,0.366,0.319,0,63.6,6,0.685,0.389,0.143,//lgcxydabfbch3774324.cdn.ntruss.com/KBO_IMAGE/person/middle/2020/62934.jpg
232,19,지석훈,NC,0.194,45,80,67,16,13,5,0,1,21,8,1,2,73306,1984년 03월 17일,181cm,74kg,25000만원,12500만원,03 현대 2차 1라운드 6순위,8,0,2,16,4,0.313,0.291,2,100.0,2,0.604,0.200,0.000,//lgcxydabfbch3774324.cdn.ntruss.com/KBO_IMAGE/person/middle/2020/73306.jpg
233,20,박준영,NC,0.171,19,38,35,4,6,4,0,0,10,3,0,0,66928,1997년 08월 05일,181cm,75kg,20000만원,2700만원,16 NC 1차,1,0,2,11,2,0.286,0.237,1,100.0,1,0.523,0.300,0.167,//lgcxydabfbch3774324.cdn.ntruss.com/KBO_IMAGE/person/middle/2020/66928.jpg
234,21,이상호,NC,0.091,54,47,44,14,4,0,0,0,4,0,1,0,60566,1989년 02월 05일,180cm,82kg,,10000만원,10 롯데 육성선수,2,0,0,4,2,0.091,0.130,1,75.0,0,0.221,0.125,0.000,//lgcxydabfbch3774324.cdn.ntruss.com/KBO_IMAGE/person/middle/2020/60566.jpg
235,22,서호철,NC,0.000,2,8,8,0,0,0,0,0,0,0,0,0,69995,1996년 10월 16일,179cm,85kg,3000만원,3000만원,19 NC 2차 9라운드 87순위,0,0,0,2,0,0.000,0.000,0,-,0,0.000,0.000,0.000,//lgcxydabfbch3774324.cdn.ntruss.com/KBO_IMAGE/person/middle/2020/69995.jpg
236,22,유영준,NC,0.000,4,3,3,0,0,0,0,0,0,0,0,0,63903,1994년 07월 13일,183cm,79kg,6000만원,2800만원,13 NC 5라운드 48순위,0,0,0,0,0,0.000,0.000,0,-,0,0.000,0.000,0.000,//lgcxydabfbch3774324.cdn.ntruss.com/KBO_IMAGE/person/middle/2020/63903.jpg
237,1,채태인,SK,0.297,53,148,128,8,38,2,0,6,58,21,0,0,77463,1982년 10월 11일,187cm,94kg,10000만원,10000만원,07 해외진출선수 특별지명,20,2,0,25,3,0.453,0.392,0,-,9,0.845,0.375,0.200,//lgcxydabfbch3774324.cdn.ntruss.com/KBO_IMAGE/person/middle/2020/77463.jpg
238,2,오준혁,SK,0.291,53,126,117,17,34,7,0,3,50,14,0,0,61743,1992년 03월 11일,187cm,80kg,3000만원,3000만원,11 한화 8라운드 64순위,8,0,1,29,0,0.427,0.341,0,0.0,8,0.768,0.229,0.316,//lgcxydabfbch3774324.cdn.ntruss.com/KBO_IMAGE/person/middle/2020/61743.jpg
239,3,김성민,SK,0.286,9,16,14,4,4,0,0,2,10,4,0,0,50848,2001년 04월 30일,184cm,88kg,10000만원,2700만원,20 SK 2차 2라운드 20순위,1,0,1,3,0,0.714,0.375,2,-,1,1.089,0.200,0.000,//lgcxydabfbch3774324.cdn.ntruss.com/KBO_IMAGE/person/middle/2020/50848.jpg
240,4,최정,SK,0.279,94,389,312,64,87,19,0,23,175,69,0,5,75847,1987년 02월 28일,180cm,90kg,30000만원,120000만원,05 SK 1차,58,1,14,63,5,0.561,0.409,6,70.0,22,0.970,0.274,0.000,//lgcxydabfbch3774324.cdn.ntruss.com/KBO_IMAGE/person/middle/2020/75847.jpg
241,5,김성현,SK,0.274,91,248,215,21,59,4,1,1,68,16,7,2,76802,1987년 03월 09일,172cm,72kg,7000만원,21000만원,06 SK 2차 3라운드 20순위,21,0,3,16,4,0.316,0.344,6,50.0,16,0.660,0.227,0.333,//lgcxydabfbch3774324.cdn.ntruss.com/KBO_IMAGE/person/middle/2020/76802.jpg
242,6,최항,SK,0.273,36,116,99,13,27,2,0,0,29,9,0,1,62884,1994년 01월 03일,183cm,88kg,,7500만원,12 SK 8라운드 70순위,15,1,1,23,3,0.293,0.371,2,100.0,5,0.664,0.233,0.333,//lgcxydabfbch3774324.cdn.ntruss.com/KBO_IMAGE/person/middle/2020/62884.jpg
243,7,김강민,SK,0.272,79,203,180,28,49,8,1,7,80,32,3,2,71837,1982년 09월 13일,182cm,87kg,11000만원,35000만원,01 SK 2차 2라운드 18순위,16,0,2,37,6,0.444,0.335,1,57.1,12,0.779,0.318,0.176,//lgcxydabfbch3774324.cdn.ntruss.com/KBO_IMAGE/person/middle/2020/71837.jpg
244,8,로맥,SK,0.270,95,401,333,55,90,19,0,18,163,57,0,3,67872,1985년 09월 30일,188cm,100kg,,900000달러,17 SK 자유선발,62,2,3,80,4,0.489,0.387,8,100.0,23,0.876,0.309,0.000,//lgcxydabfbch3774324.cdn.ntruss.com/KBO_IMAGE/person/middle/2020/67872.jpg
245,9,최지훈,SK,0.268,82,340,299,44,80,13,3,1,102,15,7,1,50854,1997년 07월 23일,178cm,82kg,8000만원,2700만원,20 SK 2차 3라운드 30순위,29,0,4,45,3,0.341,0.339,4,80.0,22,0.680,0.222,0.000,//lgcxydabfbch3774324.cdn.ntruss.com/KBO_IMAGE/person/middle/2020/50854.jpg
246,10,이흥련,SK,0.264,36,110,106,6,28,1,0,3,38,20,0,1,63440,1989년 05월 16일,183cm,91kg,7000만원,7000만원,13 삼성 5라운드 47순위,3,0,0,25,5,0.358,0.282,2,-,6,0.640,0.367,1.000,//lgcxydabfbch3774324.cdn.ntruss.com/KBO_IMAGE/person/middle/2020/63440.jpg
247,11,유서준,SK,0.263,20,19,19,8,5,1,0,0,6,1,0,0,64890,1995년 12월 04일,180cm,80kg,11000만원,3100만원,14 SK 2차 2라운드 18순위,0,0,0,3,2,0.316,0.263,2,0.0,0,0.579,0.000,0.000,//lgcxydabfbch3774324.cdn.ntruss.com/KBO_IMAGE/person/middle/2020/64890.jpg
248,12,정의윤,SK,0.261,58,172,157,12,41,3,1,1,49,17,0,2,75151,1986년 07월 25일,185cm,90kg,23000만원,30000만원,05 LG 2차 1라운드 3순위,12,1,1,29,7,0.312,0.314,0,0.0,11,0.626,0.238,0.333,//lgcxydabfbch3774324.cdn.ntruss.com/KBO_IMAGE/person/middle/2020/75151.jpg
249,13,고종욱,SK,0.258,52,160,151,8,39,4,2,1,50,16,0,1,61353,1989년 01월 11일,184cm,83kg,8000만원,17000만원,11 넥센 3라운드 19순위,7,0,1,31,3,0.331,0.294,2,33.3,8,0.625,0.235,0.143,//lgcxydabfbch3774324.cdn.ntruss.com/KBO_IMAGE/person/middle/2020/61353.jpg
250,14,한동민,SK,0.256,57,216,180,33,46,5,0,13,90,27,0,2,62895,1989년 08월 09일,190cm,105kg,3000만원,25000만원,12 SK 9라운드 85순위,28,1,6,46,8,0.500,0.370,2,100.0,12,0.870,0.140,0.600,//lgcxydabfbch3774324.cdn.ntruss.com/KBO_IMAGE/person/middle/2020/62895.jpg
251,15,김경호,SK,0.255,30,52,51,7,13,2,1,0,17,4,0,0,64260,1995년 07월 31일,180cm,68kg,3000만원,2900만원,14 두산 2차 6라운드 59순위,1,0,0,9,1,0.333,0.269,0,0.0,2,0.602,0.286,0.333,//lgcxydabfbch3774324.cdn.ntruss.com/KBO_IMAGE/person/middle/2020/64260.jpg
252,16,오태곤,SK,0.253,53,96,87,13,22,5,1,1,32,13,1,0,60558,1991년 11월 18일,186cm,88kg,9000만원,9500만원,10 롯데 3라운드 22순위,3,0,5,19,3,0.368,0.316,0,75.0,5,0.684,0.346,0.091,//lgcxydabfbch3774324.cdn.ntruss.com/KBO_IMAGE/person/middle/2020/60558.jpg
253,17,이거연,SK,0.250,3,5,4,0,1,0,0,0,1,0,0,0,50819,1997년 06월 15일,186cm,92kg,3000만원,2700만원,20 SK 2차 9라운드 90순위,1,0,0,2,0,0.250,0.400,0,-,0,0.650,0.000,0.000,//lgcxydabfbch3774324.cdn.ntruss.com/KBO_IMAGE/person/middle/2020/50819.jpg
254,18,남태혁,SK,0.245,26,54,49,2,12,1,0,1,16,10,0,0,66052,1991년 03월 13일,187cm,107kg,,3000만원,16 KT 2차 1라운드 1순위,5,0,0,17,2,0.327,0.315,0,-,1,0.642,0.368,0.231,//lgcxydabfbch3774324.cdn.ntruss.com/KBO_IMAGE/person/middle/2020/66052.jpg
255,19,최준우,SK,0.244,58,196,172,23,42,4,0,3,55,14,5,1,68868,1999년 03월 25일,176cm,78kg,7000만원,3100만원,18 SK 2차 4라운드 35순위,18,0,0,27,3,0.320,0.314,7,50.0,11,0.634,0.214,0.000,//lgcxydabfbch3774324.cdn.ntruss.com/KBO_IMAGE/person/middle/2020/68868.jpg
256,20,정진기,SK,0.238,50,140,126,14,30,2,2,2,42,15,4,2,61869,1992년 10월 10일,185cm,92kg,9000만원,4600만원,11 SK 3라운드 23순위,7,1,1,34,2,0.333,0.279,4,87.5,5,0.612,0.242,0.000,//lgcxydabfbch3774324.cdn.ntruss.com/KBO_IMAGE/person/middle/2020/61869.jpg
257,21,윤석민,SK,0.192,34,76,73,4,14,2,0,3,25,12,0,1,74215,1985년 09월 04일,180cm,88kg,9000만원,18000만원,04 두산 2차 3라운드 20순위,2,0,0,12,3,0.342,0.211,2,-,4,0.553,0.211,0.154,//lgcxydabfbch3774324.cdn.ntruss.com/KBO_IMAGE/person/middle/2020/74215.jpg
258,22,김창평,SK,0.191,17,55,47,7,9,2,1,0,13,5,0,0,69825,2000년 06월 14일,183cm,78kg,15000만원,3000만원,19 SK 2차 1라운드 6순위,8,0,0,8,1,0.277,0.309,2,100.0,3,0.586,0.500,0.000,//lgcxydabfbch3774324.cdn.ntruss.com/KBO_IMAGE/person/middle/2020/69825.jpg
259,23,이현석,SK,0.176,45,93,85,6,15,2,0,2,23,7,2,0,65869,1992년 06월 07일,175cm,90kg,20000만원,3000만원,15 SK 1차,4,0,2,27,4,0.271,0.231,2,100.0,3,0.502,0.105,0.000,//lgcxydabfbch3774324.cdn.ntruss.com/KBO_IMAGE/person/middle/2020/65869.jpg
260,24,정현,SK,0.153,68,112,98,12,15,3,0,1,21,2,3,0,63450,1994년 06월 01일,181cm,88kg,15000만원,3000만원,13 삼성 1라운드 8순위,10,0,1,30,3,0.214,0.239,6,0.0,2,0.453,0.071,0.000,//lgcxydabfbch3774324.cdn.ntruss.com/KBO_IMAGE/person/middle/2020/63450.jpg
261,25,김재현,SK,0.143,8,14,14,3,2,0,0,0,2,0,0,0,76869,1987년 11월 07일,175cm,72kg,5000만원,5600만원,06 SK 2차 5라운드 36순위,0,0,0,4,0,0.143,0.143,0,-,0,0.286,0.000,0.000,//lgcxydabfbch3774324.cdn.ntruss.com/KBO_IMAGE/person/middle/2020/76869.jpg
262,26,이재원,SK,0.129,38,109,93,8,12,2,0,1,17,7,2,1,76812,1988년 02월 24일,185cm,98kg,25000만원,130000만원,06 SK 1차,10,1,3,11,6,0.183,0.234,1,-,2,0.417,0.125,0.000,//lgcxydabfbch3774324.cdn.ntruss.com/KBO_IMAGE/person/middle/2020/76812.jpg
263,27,화이트,SK,0.000,2,6,5,0,0,0,0,0,0,0,0,0,50802,1990년 10월 29일,0cm,0kg,,,20 SK 자유선발,0,0,1,0,0,0.000,0.167,0,-,0,0.167,0.000,0.000,//lgcxydabfbch3774324.cdn.ntruss.com/KBO_IMAGE/person/middle/2020/50802.jpg
